date,category,quantity
2026-04-01,ABARROTES,31.0
2026-04-01,AGUA,102.0
2026-04-01,ALIMENTO PARA PERROS,0.0
2026-04-01,BEBIDAS ALCOHÓLICAS (RESTRINGIDO),17.0
2026-04-01,BEBIDAS EN POLVO,0.0
2026-04-01,BEBIDAS ENERGÉTICAS,0.0
2026-04-01,BEBIDAS ISOTÓNICAS,0.0
2026-04-01,CAFÉ,0.0
2026-04-01,CARNES Y EMBUTIDOS,0.0
2026-04-01,CEREALES,0.0
2026-04-01,CHOCOLATES,30.0
2026-04-01,CONDIMENTOS Y SALSAS,0.0
2026-04-01,CONSERVAS,0.0
2026-04-01,CUIDADO BUCAL,0.0
2026-04-01,CUIDADO CAPILAR,0.0
2026-04-01,CUIDADO DEL BEBÉ,0.0
2026-04-01,DESECHABLES Y PAPEL,0.0
2026-04-01,DETERGENTES,0.0
2026-04-01,DETERGENTES Y LIMPIEZA,0.0
2026-04-01,DULCES,0.0
2026-04-01,EMBUTIDOS,0.0
2026-04-01,GALLETAS Y BIZCOCHOS,0.0
2026-04-01,GASEOSAS,69.0
2026-04-01,GOLOSINAS,127.0
2026-04-01,HARINAS,0.0
2026-04-01,HELADOS,0.0
2026-04-01,HIGIENE FEMENINA,0.0
2026-04-01,HIGIENE PERSONAL,0.0
2026-04-01,INFUSIONES,0.0
2026-04-01,JUGOS Y BEBIDAS,0.0
2026-04-01,LÁCTEOS,0.0
2026-04-01,MENESTRAS,0.0
2026-04-01,PANIFICADOS,0.0
2026-04-01,PAPEL HIGIÉNICO,0.0
2026-04-01,PASTAS,0.0
2026-04-01,PILAS Y BATERÍAS,0.0
2026-04-01,SNACKS,0.0
2026-04-01,SUAVIZANTES,0.0
2026-04-01,UNTABLES Y DULCES,0.0
2026-04-02,ABARROTES,4.0
2026-04-02,AGUA,0.0
2026-04-02,ALIMENTO PARA PERROS,0.0
2026-04-02,BEBIDAS ALCOHÓLICAS (RESTRINGIDO),0.0
2026-04-02,BEBIDAS EN POLVO,0.0
2026-04-02,BEBIDAS ENERGÉTICAS,0.0
2026-04-02,BEBIDAS ISOTÓNICAS,0.0
2026-04-02,CAFÉ,0.0
2026-04-02,CARNES Y EMBUTIDOS,0.0
2026-04-02,CEREALES,0.0
2026-04-02,CHOCOLATES,0.0
2026-04-02,CONDIMENTOS Y SALSAS,0.0
2026-04-02,CONSERVAS,12.0
2026-04-02,CUIDADO BUCAL,9.0
2026-04-02,CUIDADO CAPILAR,0.0
2026-04-02,CUIDADO DEL BEBÉ,0.0
2026-04-02,DESECHABLES Y PAPEL,0.0
2026-04-02,DETERGENTES,0.0
2026-04-02,DETERGENTES Y LIMPIEZA,0.0
2026-04-02,DULCES,0.0
2026-04-02,EMBUTIDOS,0.0
2026-04-02,GALLETAS Y BIZCOCHOS,49.0
2026-04-02,GASEOSAS,0.0
2026-04-02,GOLOSINAS,101.0
2026-04-02,HARINAS,0.0
2026-04-02,HELADOS,0.0
2026-04-02,HIGIENE FEMENINA,0.0
2026-04-02,HIGIENE PERSONAL,0.0
2026-04-02,INFUSIONES,0.0
2026-04-02,JUGOS Y BEBIDAS,0.0
2026-04-02,LÁCTEOS,0.0
2026-04-02,MENESTRAS,0.0
2026-04-02,PANIFICADOS,0.0
2026-04-02,PAPEL HIGIÉNICO,0.0
2026-04-02,PASTAS,0.0
2026-04-02,PILAS Y BATERÍAS,0.0
2026-04-02,SNACKS,14.0
2026-04-02,SUAVIZANTES,0.0
2026-04-02,UNTABLES Y DULCES,0.0
2026-04-03,ABARROTES,35.0
2026-04-03,AGUA,79.0
2026-04-03,ALIMENTO PARA PERROS,0.0
2026-04-03,BEBIDAS ALCOHÓLICAS (RESTRINGIDO),0.0
2026-04-03,BEBIDAS EN POLVO,0.0
2026-04-03,BEBIDAS ENERGÉTICAS,0.0
2026-04-03,BEBIDAS ISOTÓNICAS,0.0
2026-04-03,CAFÉ,0.0
2026-04-03,CARNES Y EMBUTIDOS,0.0
2026-04-03,CEREALES,0.0
2026-04-03,CHOCOLATES,0.0
2026-04-03,CONDIMENTOS Y SALSAS,0.0
2026-04-03,CONSERVAS,0.0
2026-04-03,CUIDADO BUCAL,8.0
2026-04-03,CUIDADO CAPILAR,0.0
2026-04-03,CUIDADO DEL BEBÉ,0.0
2026-04-03,DESECHABLES Y PAPEL,0.0
2026-04-03,DETERGENTES,0.0
2026-04-03,DETERGENTES Y LIMPIEZA,0.0
2026-04-03,DULCES,0.0
2026-04-03,EMBUTIDOS,0.0
2026-04-03,GALLETAS Y BIZCOCHOS,30.0
2026-04-03,GASEOSAS,0.0
2026-04-03,GOLOSINAS,109.0
2026-04-03,HARINAS,0.0
2026-04-03,HELADOS,0.0
2026-04-03,HIGIENE FEMENINA,0.0
2026-04-03,HIGIENE PERSONAL,0.0
2026-04-03,INFUSIONES,0.0
2026-04-03,JUGOS Y BEBIDAS,0.0
2026-04-03,LÁCTEOS,0.0
2026-04-03,MENESTRAS,0.0
2026-04-03,PANIFICADOS,0.0
2026-04-03,PAPEL HIGIÉNICO,0.0
2026-04-03,PASTAS,0.0
2026-04-03,PILAS Y BATERÍAS,0.0
2026-04-03,SNACKS,140.0
2026-04-03,SUAVIZANTES,0.0
2026-04-03,UNTABLES Y DULCES,0.0
2026-04-04,ABARROTES,0.0
2026-04-04,AGUA,0.0
2026-04-04,ALIMENTO PARA PERROS,0.0
2026-04-04,BEBIDAS ALCOHÓLICAS (RESTRINGIDO),0.0
2026-04-04,BEBIDAS EN POLVO,0.0
2026-04-04,BEBIDAS ENERGÉTICAS,0.0
2026-04-04,BEBIDAS ISOTÓNICAS,0.0
2026-04-04,CAFÉ,0.0
2026-04-04,CARNES Y EMBUTIDOS,0.0
2026-04-04,CEREALES,0.0
2026-04-04,CHOCOLATES,0.0
2026-04-04,CONDIMENTOS Y SALSAS,0.0
2026-04-04,CONSERVAS,0.0
2026-04-04,CUIDADO BUCAL,0.0
2026-04-04,CUIDADO CAPILAR,0.0
2026-04-04,CUIDADO DEL BEBÉ,0.0
2026-04-04,DESECHABLES Y PAPEL,9.0
2026-04-04,DETERGENTES,0.0
2026-04-04,DETERGENTES Y LIMPIEZA,42.0
2026-04-04,DULCES,0.0
2026-04-04,EMBUTIDOS,0.0
2026-04-04,GALLETAS Y BIZCOCHOS,20.0
2026-04-04,GASEOSAS,78.0
2026-04-04,GOLOSINAS,120.0
2026-04-04,HARINAS,0.0
2026-04-04,HELADOS,0.0
2026-04-04,HIGIENE FEMENINA,0.0
2026-04-04,HIGIENE PERSONAL,0.0
2026-04-04,INFUSIONES,0.0
2026-04-04,JUGOS Y BEBIDAS,0.0
2026-04-04,LÁCTEOS,0.0
2026-04-04,MENESTRAS,0.0
2026-04-04,PANIFICADOS,0.0
2026-04-04,PAPEL HIGIÉNICO,0.0
2026-04-04,PASTAS,0.0
2026-04-04,PILAS Y BATERÍAS,0.0
2026-04-04,SNACKS,0.0
2026-04-04,SUAVIZANTES,0.0
2026-04-04,UNTABLES Y DULCES,0.0
2026-04-05,ABARROTES,27.0
2026-04-05,AGUA,207.0
2026-04-05,ALIMENTO PARA PERROS,0.0
2026-04-05,BEBIDAS ALCOHÓLICAS (RESTRINGIDO),2.0
2026-04-05,BEBIDAS EN POLVO,0.0
2026-04-05,BEBIDAS ENERGÉTICAS,0.0
2026-04-05,BEBIDAS ISOTÓNICAS,0.0
2026-04-05,CAFÉ,0.0
2026-04-05,CARNES Y EMBUTIDOS,0.0
2026-04-05,CEREALES,0.0
2026-04-05,CHOCOLATES,0.0
2026-04-05,CONDIMENTOS Y SALSAS,0.0
2026-04-05,CONSERVAS,0.0
2026-04-05,CUIDADO BUCAL,0.0
2026-04-05,CUIDADO CAPILAR,0.0
2026-04-05,CUIDADO DEL BEBÉ,0.0
2026-04-05,DESECHABLES Y PAPEL,0.0
2026-04-05,DETERGENTES,0.0
2026-04-05,DETERGENTES Y LIMPIEZA,0.0
2026-04-05,DULCES,0.0
2026-04-05,EMBUTIDOS,0.0
2026-04-05,GALLETAS Y BIZCOCHOS,35.0
2026-04-05,GASEOSAS,9.0
2026-04-05,GOLOSINAS,248.0
2026-04-05,HARINAS,0.0
2026-04-05,HELADOS,0.0
2026-04-05,HIGIENE FEMENINA,0.0
2026-04-05,HIGIENE PERSONAL,0.0
2026-04-05,INFUSIONES,0.0
2026-04-05,JUGOS Y BEBIDAS,0.0
2026-04-05,LÁCTEOS,11.0
2026-04-05,MENESTRAS,0.0
2026-04-05,PANIFICADOS,0.0
2026-04-05,PAPEL HIGIÉNICO,0.0
2026-04-05,PASTAS,0.0
2026-04-05,PILAS Y BATERÍAS,0.0
2026-04-05,SNACKS,0.0
2026-04-05,SUAVIZANTES,0.0
2026-04-05,UNTABLES Y DULCES,0.0
2026-04-06,ABARROTES,0.0
2026-04-06,AGUA,10.0
2026-04-06,ALIMENTO PARA PERROS,0.0
2026-04-06,BEBIDAS ALCOHÓLICAS (RESTRINGIDO),0.0
2026-04-06,BEBIDAS EN POLVO,0.0
2026-04-06,BEBIDAS ENERGÉTICAS,0.0
2026-04-06,BEBIDAS ISOTÓNICAS,0.0
2026-04-06,CAFÉ,0.0
2026-04-06,CARNES Y EMBUTIDOS,0.0
2026-04-06,CEREALES,0.0
2026-04-06,CHOCOLATES,42.0
2026-04-06,CONDIMENTOS Y SALSAS,0.0
2026-04-06,CONSERVAS,0.0
2026-04-06,CUIDADO BUCAL,0.0
2026-04-06,CUIDADO CAPILAR,0.0
2026-04-06,CUIDADO DEL BEBÉ,0.0
2026-04-06,DESECHABLES Y PAPEL,0.0
2026-04-06,DETERGENTES,0.0
2026-04-06,DETERGENTES Y LIMPIEZA,3.0
2026-04-06,DULCES,0.0
2026-04-06,EMBUTIDOS,0.0
2026-04-06,GALLETAS Y BIZCOCHOS,34.0
2026-04-06,GASEOSAS,117.0
2026-04-06,GOLOSINAS,176.0
2026-04-06,HARINAS,0.0
2026-04-06,HELADOS,0.0
2026-04-06,HIGIENE FEMENINA,0.0
2026-04-06,HIGIENE PERSONAL,0.0
2026-04-06,INFUSIONES,0.0
2026-04-06,JUGOS Y BEBIDAS,0.0
2026-04-06,LÁCTEOS,0.0
2026-04-06,MENESTRAS,0.0
2026-04-06,PANIFICADOS,0.0
2026-04-06,PAPEL HIGIÉNICO,0.0
2026-04-06,PASTAS,0.0
2026-04-06,PILAS Y BATERÍAS,0.0
2026-04-06,SNACKS,0.0
2026-04-06,SUAVIZANTES,0.0
2026-04-06,UNTABLES Y DULCES,0.0
2026-04-07,ABARROTES,0.0
2026-04-07,AGUA,0.0
2026-04-07,ALIMENTO PARA PERROS,0.0
2026-04-07,BEBIDAS ALCOHÓLICAS (RESTRINGIDO),0.0
2026-04-07,BEBIDAS EN POLVO,0.0
2026-04-07,BEBIDAS ENERGÉTICAS,0.0
2026-04-07,BEBIDAS ISOTÓNICAS,7.0
2026-04-07,CAFÉ,11.0
2026-04-07,CARNES Y EMBUTIDOS,0.0
2026-04-07,CEREALES,0.0
2026-04-07,CHOCOLATES,0.0
2026-04-07,CONDIMENTOS Y SALSAS,0.0
2026-04-07,CONSERVAS,0.0
2026-04-07,CUIDADO BUCAL,0.0
2026-04-07,CUIDADO CAPILAR,0.0
2026-04-07,CUIDADO DEL BEBÉ,0.0
2026-04-07,DESECHABLES Y PAPEL,0.0
2026-04-07,DETERGENTES,0.0
2026-04-07,DETERGENTES Y LIMPIEZA,0.0
2026-04-07,DULCES,0.0
2026-04-07,EMBUTIDOS,0.0
2026-04-07,GALLETAS Y BIZCOCHOS,33.0
2026-04-07,GASEOSAS,11.0
2026-04-07,GOLOSINAS,61.0
2026-04-07,HARINAS,0.0
2026-04-07,HELADOS,0.0
2026-04-07,HIGIENE FEMENINA,0.0
2026-04-07,HIGIENE PERSONAL,9.0
2026-04-07,INFUSIONES,0.0
2026-04-07,JUGOS Y BEBIDAS,0.0
2026-04-07,LÁCTEOS,0.0
2026-04-07,MENESTRAS,0.0
2026-04-07,PANIFICADOS,0.0
2026-04-07,PAPEL HIGIÉNICO,0.0
2026-04-07,PASTAS,0.0
2026-04-07,PILAS Y BATERÍAS,6.0
2026-04-07,SNACKS,0.0
2026-04-07,SUAVIZANTES,0.0
2026-04-07,UNTABLES Y DULCES,0.0
2026-04-08,ABARROTES,10.0
2026-04-08,AGUA,0.0
2026-04-08,ALIMENTO PARA PERROS,0.0
2026-04-08,BEBIDAS ALCOHÓLICAS (RESTRINGIDO),0.0
2026-04-08,BEBIDAS EN POLVO,0.0
2026-04-08,BEBIDAS ENERGÉTICAS,0.0
2026-04-08,BEBIDAS ISOTÓNICAS,0.0
2026-04-08,CAFÉ,0.0
2026-04-08,CARNES Y EMBUTIDOS,0.0
2026-04-08,CEREALES,0.0
2026-04-08,CHOCOLATES,0.0
2026-04-08,CONDIMENTOS Y SALSAS,0.0
2026-04-08,CONSERVAS,0.0
2026-04-08,CUIDADO BUCAL,0.0
2026-04-08,CUIDADO CAPILAR,0.0
2026-04-08,CUIDADO DEL BEBÉ,0.0
2026-04-08,DESECHABLES Y PAPEL,0.0
2026-04-08,DETERGENTES,0.0
2026-04-08,DETERGENTES Y LIMPIEZA,0.0
2026-04-08,DULCES,0.0
2026-04-08,EMBUTIDOS,0.0
2026-04-08,GALLETAS Y BIZCOCHOS,20.0
2026-04-08,GASEOSAS,35.0
2026-04-08,GOLOSINAS,46.0
2026-04-08,HARINAS,0.0
2026-04-08,HELADOS,0.0
2026-04-08,HIGIENE FEMENINA,0.0
2026-04-08,HIGIENE PERSONAL,0.0
2026-04-08,INFUSIONES,0.0
2026-04-08,JUGOS Y BEBIDAS,0.0
2026-04-08,LÁCTEOS,0.0
2026-04-08,MENESTRAS,0.0
2026-04-08,PANIFICADOS,0.0
2026-04-08,PAPEL HIGIÉNICO,0.0
2026-04-08,PASTAS,0.0
2026-04-08,PILAS Y BATERÍAS,0.0
2026-04-08,SNACKS,39.0
2026-04-08,SUAVIZANTES,0.0
2026-04-08,UNTABLES Y DULCES,0.0
2026-04-09,ABARROTES,40.0
2026-04-09,AGUA,0.0
2026-04-09,ALIMENTO PARA PERROS,0.0
2026-04-09,BEBIDAS ALCOHÓLICAS (RESTRINGIDO),0.0
2026-04-09,BEBIDAS EN POLVO,0.0
2026-04-09,BEBIDAS ENERGÉTICAS,0.0
2026-04-09,BEBIDAS ISOTÓNICAS,0.0
2026-04-09,CAFÉ,0.0
2026-04-09,CARNES Y EMBUTIDOS,0.0
2026-04-09,CEREALES,0.0
2026-04-09,CHOCOLATES,0.0
2026-04-09,CONDIMENTOS Y SALSAS,0.0
2026-04-09,CONSERVAS,0.0
2026-04-09,CUIDADO BUCAL,0.0
2026-04-09,CUIDADO CAPILAR,0.0
2026-04-09,CUIDADO DEL BEBÉ,0.0
2026-04-09,DESECHABLES Y PAPEL,0.0
2026-04-09,DETERGENTES,0.0
2026-04-09,DETERGENTES Y LIMPIEZA,0.0
2026-04-09,DULCES,0.0
2026-04-09,EMBUTIDOS,0.0
2026-04-09,GALLETAS Y BIZCOCHOS,0.0
2026-04-09,GASEOSAS,105.0
2026-04-09,GOLOSINAS,47.0
2026-04-09,HARINAS,0.0
2026-04-09,HELADOS,0.0
2026-04-09,HIGIENE FEMENINA,0.0
2026-04-09,HIGIENE PERSONAL,0.0
2026-04-09,INFUSIONES,0.0
2026-04-09,JUGOS Y BEBIDAS,0.0
2026-04-09,LÁCTEOS,0.0
2026-04-09,MENESTRAS,0.0
2026-04-09,PANIFICADOS,0.0
2026-04-09,PAPEL HIGIÉNICO,0.0
2026-04-09,PASTAS,0.0
2026-04-09,PILAS Y BATERÍAS,0.0
2026-04-09,SNACKS,110.0
2026-04-09,SUAVIZANTES,0.0
2026-04-09,UNTABLES Y DULCES,0.0
2026-04-10,ABARROTES,28.0
2026-04-10,AGUA,0.0
2026-04-10,ALIMENTO PARA PERROS,0.0
2026-04-10,BEBIDAS ALCOHÓLICAS (RESTRINGIDO),0.0
2026-04-10,BEBIDAS EN POLVO,0.0
2026-04-10,BEBIDAS ENERGÉTICAS,0.0
2026-04-10,BEBIDAS ISOTÓNICAS,0.0
2026-04-10,CAFÉ,11.0
2026-04-10,CARNES Y EMBUTIDOS,0.0
2026-04-10,CEREALES,0.0
2026-04-10,CHOCOLATES,13.0
2026-04-10,CONDIMENTOS Y SALSAS,0.0
2026-04-10,CONSERVAS,10.0
2026-04-10,CUIDADO BUCAL,0.0
2026-04-10,CUIDADO CAPILAR,10.0
2026-04-10,CUIDADO DEL BEBÉ,0.0
2026-04-10,DESECHABLES Y PAPEL,0.0
2026-04-10,DETERGENTES,0.0
2026-04-10,DETERGENTES Y LIMPIEZA,7.0
2026-04-10,DULCES,0.0
2026-04-10,EMBUTIDOS,0.0
2026-04-10,GALLETAS Y BIZCOCHOS,22.0
2026-04-10,GASEOSAS,112.0
2026-04-10,GOLOSINAS,115.0
2026-04-10,HARINAS,0.0
2026-04-10,HELADOS,0.0
2026-04-10,HIGIENE FEMENINA,0.0
2026-04-10,HIGIENE PERSONAL,0.0
2026-04-10,INFUSIONES,0.0
2026-04-10,JUGOS Y BEBIDAS,40.0
2026-04-10,LÁCTEOS,0.0
2026-04-10,MENESTRAS,0.0
2026-04-10,PANIFICADOS,0.0
2026-04-10,PAPEL HIGIÉNICO,0.0
2026-04-10,PASTAS,0.0
2026-04-10,PILAS Y BATERÍAS,0.0
2026-04-10,SNACKS,34.0
2026-04-10,SUAVIZANTES,0.0
2026-04-10,UNTABLES Y DULCES,0.0
2026-04-11,ABARROTES,0.0
2026-04-11,AGUA,193.0
2026-04-11,ALIMENTO PARA PERROS,0.0
2026-04-11,BEBIDAS ALCOHÓLICAS (RESTRINGIDO),0.0
2026-04-11,BEBIDAS EN POLVO,0.0
2026-04-11,BEBIDAS ENERGÉTICAS,0.0
2026-04-11,BEBIDAS ISOTÓNICAS,0.0
2026-04-11,CAFÉ,14.0
2026-04-11,CARNES Y EMBUTIDOS,0.0
2026-04-11,CEREALES,0.0
2026-04-11,CHOCOLATES,0.0
2026-04-11,CONDIMENTOS Y SALSAS,0.0
2026-04-11,CONSERVAS,0.0
2026-04-11,CUIDADO BUCAL,0.0
2026-04-11,CUIDADO CAPILAR,0.0
2026-04-11,CUIDADO DEL BEBÉ,0.0
2026-04-11,DESECHABLES Y PAPEL,0.0
2026-04-11,DETERGENTES,0.0
2026-04-11,DETERGENTES Y LIMPIEZA,0.0
2026-04-11,DULCES,0.0
2026-04-11,EMBUTIDOS,0.0
2026-04-11,GALLETAS Y BIZCOCHOS,58.0
2026-04-11,GASEOSAS,10.0
2026-04-11,GOLOSINAS,223.0
2026-04-11,HARINAS,0.0
2026-04-11,HELADOS,0.0
2026-04-11,HIGIENE FEMENINA,0.0
2026-04-11,HIGIENE PERSONAL,0.0
2026-04-11,INFUSIONES,0.0
2026-04-11,JUGOS Y BEBIDAS,0.0
2026-04-11,LÁCTEOS,3.0
2026-04-11,MENESTRAS,0.0
2026-04-11,PANIFICADOS,0.0
2026-04-11,PAPEL HIGIÉNICO,0.0
2026-04-11,PASTAS,0.0
2026-04-11,PILAS Y BATERÍAS,18.0
2026-04-11,SNACKS,174.0
2026-04-11,SUAVIZANTES,0.0
2026-04-11,UNTABLES Y DULCES,0.0
2026-04-12,ABARROTES,0.0
2026-04-12,AGUA,104.0
2026-04-12,ALIMENTO PARA PERROS,0.0
2026-04-12,BEBIDAS ALCOHÓLICAS (RESTRINGIDO),0.0
2026-04-12,BEBIDAS EN POLVO,0.0
2026-04-12,BEBIDAS ENERGÉTICAS,0.0
2026-04-12,BEBIDAS ISOTÓNICAS,0.0
2026-04-12,CAFÉ,0.0
2026-04-12,CARNES Y EMBUTIDOS,0.0
2026-04-12,CEREALES,0.0
2026-04-12,CHOCOLATES,42.0
2026-04-12,CONDIMENTOS Y SALSAS,0.0
2026-04-12,CONSERVAS,0.0
2026-04-12,CUIDADO BUCAL,0.0
2026-04-12,CUIDADO CAPILAR,0.0
2026-04-12,CUIDADO DEL BEBÉ,0.0
2026-04-12,DESECHABLES Y PAPEL,0.0
2026-04-12,DETERGENTES,0.0
2026-04-12,DETERGENTES Y LIMPIEZA,0.0
2026-04-12,DULCES,0.0
2026-04-12,EMBUTIDOS,0.0
2026-04-12,GALLETAS Y BIZCOCHOS,109.0
2026-04-12,GASEOSAS,81.0
2026-04-12,GOLOSINAS,128.0
2026-04-12,HARINAS,0.0
2026-04-12,HELADOS,0.0
2026-04-12,HIGIENE FEMENINA,0.0
2026-04-12,HIGIENE PERSONAL,0.0
2026-04-12,INFUSIONES,0.0
2026-04-12,JUGOS Y BEBIDAS,0.0
2026-04-12,LÁCTEOS,0.0
2026-04-12,MENESTRAS,0.0
2026-04-12,PANIFICADOS,0.0
2026-04-12,PAPEL HIGIÉNICO,0.0
2026-04-12,PASTAS,0.0
2026-04-12,PILAS Y BATERÍAS,0.0
2026-04-12,SNACKS,73.0
2026-04-12,SUAVIZANTES,0.0
2026-04-12,UNTABLES Y DULCES,0.0
2026-04-13,ABARROTES,112.0
2026-04-13,AGUA,212.0
2026-04-13,ALIMENTO PARA PERROS,0.0
2026-04-13,BEBIDAS ALCOHÓLICAS (RESTRINGIDO),0.0
2026-04-13,BEBIDAS EN POLVO,0.0
2026-04-13,BEBIDAS ENERGÉTICAS,0.0
2026-04-13,BEBIDAS ISOTÓNICAS,0.0
2026-04-13,CAFÉ,0.0
2026-04-13,CARNES Y EMBUTIDOS,0.0
2026-04-13,CEREALES,0.0
2026-04-13,CHOCOLATES,49.0
2026-04-13,CONDIMENTOS Y SALSAS,0.0
2026-04-13,CONSERVAS,0.0
2026-04-13,CUIDADO BUCAL,0.0
2026-04-13,CUIDADO CAPILAR,0.0
2026-04-13,CUIDADO DEL BEBÉ,0.0
2026-04-13,DESECHABLES Y PAPEL,0.0
2026-04-13,DETERGENTES,0.0
2026-04-13,DETERGENTES Y LIMPIEZA,21.0
2026-04-13,DULCES,0.0
2026-04-13,EMBUTIDOS,0.0
2026-04-13,GALLETAS Y BIZCOCHOS,22.0
2026-04-13,GASEOSAS,0.0
2026-04-13,GOLOSINAS,60.0
2026-04-13,HARINAS,0.0
2026-04-13,HELADOS,0.0
2026-04-13,HIGIENE FEMENINA,0.0
2026-04-13,HIGIENE PERSONAL,0.0
2026-04-13,INFUSIONES,0.0
2026-04-13,JUGOS Y BEBIDAS,0.0
2026-04-13,LÁCTEOS,0.0
2026-04-13,MENESTRAS,0.0
2026-04-13,PANIFICADOS,0.0
2026-04-13,PAPEL HIGIÉNICO,0.0
2026-04-13,PASTAS,0.0
2026-04-13,PILAS Y BATERÍAS,0.0
2026-04-13,SNACKS,14.0
2026-04-13,SUAVIZANTES,0.0
2026-04-13,UNTABLES Y DULCES,0.0
2026-04-14,ABARROTES,44.0
2026-04-14,AGUA,0.0
2026-04-14,ALIMENTO PARA PERROS,0.0
2026-04-14,BEBIDAS ALCOHÓLICAS (RESTRINGIDO),0.0
2026-04-14,BEBIDAS EN POLVO,0.0
2026-04-14,BEBIDAS ENERGÉTICAS,0.0
2026-04-14,BEBIDAS ISOTÓNICAS,0.0
2026-04-14,CAFÉ,0.0
2026-04-14,CARNES Y EMBUTIDOS,0.0
2026-04-14,CEREALES,0.0
2026-04-14,CHOCOLATES,0.0
2026-04-14,CONDIMENTOS Y SALSAS,0.0
2026-04-14,CONSERVAS,0.0
2026-04-14,CUIDADO BUCAL,0.0
2026-04-14,CUIDADO CAPILAR,0.0
2026-04-14,CUIDADO DEL BEBÉ,0.0
2026-04-14,DESECHABLES Y PAPEL,0.0
2026-04-14,DETERGENTES,0.0
2026-04-14,DETERGENTES Y LIMPIEZA,23.0
2026-04-14,DULCES,0.0
2026-04-14,EMBUTIDOS,0.0
2026-04-14,GALLETAS Y BIZCOCHOS,0.0
2026-04-14,GASEOSAS,128.0
2026-04-14,GOLOSINAS,146.0
2026-04-14,HARINAS,0.0
2026-04-14,HELADOS,0.0
2026-04-14,HIGIENE FEMENINA,0.0
2026-04-14,HIGIENE PERSONAL,13.0
2026-04-14,INFUSIONES,0.0
2026-04-14,JUGOS Y BEBIDAS,0.0
2026-04-14,LÁCTEOS,0.0
2026-04-14,MENESTRAS,0.0
2026-04-14,PANIFICADOS,0.0
2026-04-14,PAPEL HIGIÉNICO,0.0
2026-04-14,PASTAS,0.0
2026-04-14,PILAS Y BATERÍAS,0.0
2026-04-14,SNACKS,0.0
2026-04-14,SUAVIZANTES,0.0
2026-04-14,UNTABLES Y DULCES,0.0
2026-04-15,ABARROTES,40.0
2026-04-15,AGUA,0.0
2026-04-15,ALIMENTO PARA PERROS,0.0
2026-04-15,BEBIDAS ALCOHÓLICAS (RESTRINGIDO),0.0
2026-04-15,BEBIDAS EN POLVO,0.0
2026-04-15,BEBIDAS ENERGÉTICAS,0.0
2026-04-15,BEBIDAS ISOTÓNICAS,0.0
2026-04-15,CAFÉ,1.0
2026-04-15,CARNES Y EMBUTIDOS,0.0
2026-04-15,CEREALES,0.0
2026-04-15,CHOCOLATES,0.0
2026-04-15,CONDIMENTOS Y SALSAS,7.0
2026-04-15,CONSERVAS,11.0
2026-04-15,CUIDADO BUCAL,0.0
2026-04-15,CUIDADO CAPILAR,4.0
2026-04-15,CUIDADO DEL BEBÉ,0.0
2026-04-15,DESECHABLES Y PAPEL,0.0
2026-04-15,DETERGENTES,0.0
2026-04-15,DETERGENTES Y LIMPIEZA,0.0
2026-04-15,DULCES,0.0
2026-04-15,EMBUTIDOS,0.0
2026-04-15,GALLETAS Y BIZCOCHOS,17.0
2026-04-15,GASEOSAS,58.0
2026-04-15,GOLOSINAS,50.0
2026-04-15,HARINAS,0.0
2026-04-15,HELADOS,0.0
2026-04-15,HIGIENE FEMENINA,0.0
2026-04-15,HIGIENE PERSONAL,0.0
2026-04-15,INFUSIONES,0.0
2026-04-15,JUGOS Y BEBIDAS,0.0
2026-04-15,LÁCTEOS,0.0
2026-04-15,MENESTRAS,0.0
2026-04-15,PANIFICADOS,0.0
2026-04-15,PAPEL HIGIÉNICO,0.0
2026-04-15,PASTAS,0.0
2026-04-15,PILAS Y BATERÍAS,0.0
2026-04-15,SNACKS,0.0
2026-04-15,SUAVIZANTES,0.0
2026-04-15,UNTABLES Y DULCES,0.0
2026-04-16,ABARROTES,0.0
2026-04-16,AGUA,83.0
2026-04-16,ALIMENTO PARA PERROS,0.0
2026-04-16,BEBIDAS ALCOHÓLICAS (RESTRINGIDO),0.0
2026-04-16,BEBIDAS EN POLVO,0.0
2026-04-16,BEBIDAS ENERGÉTICAS,0.0
2026-04-16,BEBIDAS ISOTÓNICAS,0.0
2026-04-16,CAFÉ,0.0
2026-04-16,CARNES Y EMBUTIDOS,0.0
2026-04-16,CEREALES,0.0
2026-04-16,CHOCOLATES,0.0
2026-04-16,CONDIMENTOS Y SALSAS,12.0
2026-04-16,CONSERVAS,0.0
2026-04-16,CUIDADO BUCAL,0.0
2026-04-16,CUIDADO CAPILAR,0.0
2026-04-16,CUIDADO DEL BEBÉ,0.0
2026-04-16,DESECHABLES Y PAPEL,0.0
2026-04-16,DETERGENTES,0.0
2026-04-16,DETERGENTES Y LIMPIEZA,12.0
2026-04-16,DULCES,0.0
2026-04-16,EMBUTIDOS,0.0
2026-04-16,GALLETAS Y BIZCOCHOS,57.0
2026-04-16,GASEOSAS,9.0
2026-04-16,GOLOSINAS,164.0
2026-04-16,HARINAS,0.0
2026-04-16,HELADOS,0.0
2026-04-16,HIGIENE FEMENINA,0.0
2026-04-16,HIGIENE PERSONAL,0.0
2026-04-16,INFUSIONES,0.0
2026-04-16,JUGOS Y BEBIDAS,0.0
2026-04-16,LÁCTEOS,0.0
2026-04-16,MENESTRAS,0.0
2026-04-16,PANIFICADOS,0.0
2026-04-16,PAPEL HIGIÉNICO,0.0
2026-04-16,PASTAS,0.0
2026-04-16,PILAS Y BATERÍAS,0.0
2026-04-16,SNACKS,0.0
2026-04-16,SUAVIZANTES,0.0
2026-04-16,UNTABLES Y DULCES,0.0
2026-04-17,ABARROTES,0.0
2026-04-17,AGUA,45.0
2026-04-17,ALIMENTO PARA PERROS,0.0
2026-04-17,BEBIDAS ALCOHÓLICAS (RESTRINGIDO),16.0
2026-04-17,BEBIDAS EN POLVO,0.0
2026-04-17,BEBIDAS ENERGÉTICAS,0.0
2026-04-17,BEBIDAS ISOTÓNICAS,0.0
2026-04-17,CAFÉ,0.0
2026-04-17,CARNES Y EMBUTIDOS,0.0
2026-04-17,CEREALES,0.0
2026-04-17,CHOCOLATES,0.0
2026-04-17,CONDIMENTOS Y SALSAS,0.0
2026-04-17,CONSERVAS,0.0
2026-04-17,CUIDADO BUCAL,0.0
2026-04-17,CUIDADO CAPILAR,0.0
2026-04-17,CUIDADO DEL BEBÉ,0.0
2026-04-17,DESECHABLES Y PAPEL,0.0
2026-04-17,DETERGENTES,0.0
2026-04-17,DETERGENTES Y LIMPIEZA,0.0
2026-04-17,DULCES,0.0
2026-04-17,EMBUTIDOS,0.0
2026-04-17,GALLETAS Y BIZCOCHOS,26.0
2026-04-17,GASEOSAS,120.0
2026-04-17,GOLOSINAS,228.0
2026-04-17,HARINAS,0.0
2026-04-17,HELADOS,0.0
2026-04-17,HIGIENE FEMENINA,0.0
2026-04-17,HIGIENE PERSONAL,0.0
2026-04-17,INFUSIONES,0.0
2026-04-17,JUGOS Y BEBIDAS,0.0
2026-04-17,LÁCTEOS,0.0
2026-04-17,MENESTRAS,0.0
2026-04-17,PANIFICADOS,0.0
2026-04-17,PAPEL HIGIÉNICO,0.0
2026-04-17,PASTAS,0.0
2026-04-17,PILAS Y BATERÍAS,0.0
2026-04-17,SNACKS,32.0
2026-04-17,SUAVIZANTES,0.0
2026-04-17,UNTABLES Y DULCES,0.0
2026-04-18,ABARROTES,25.0
2026-04-18,AGUA,28.0
2026-04-18,ALIMENTO PARA PERROS,0.0
2026-04-18,BEBIDAS ALCOHÓLICAS (RESTRINGIDO),0.0
2026-04-18,BEBIDAS EN POLVO,0.0
2026-04-18,BEBIDAS ENERGÉTICAS,0.0
2026-04-18,BEBIDAS ISOTÓNICAS,0.0
2026-04-18,CAFÉ,0.0
2026-04-18,CARNES Y EMBUTIDOS,0.0
2026-04-18,CEREALES,0.0
2026-04-18,CHOCOLATES,17.0
2026-04-18,CONDIMENTOS Y SALSAS,0.0
2026-04-18,CONSERVAS,0.0
2026-04-18,CUIDADO BUCAL,0.0
2026-04-18,CUIDADO CAPILAR,0.0
2026-04-18,CUIDADO DEL BEBÉ,0.0
2026-04-18,DESECHABLES Y PAPEL,0.0
2026-04-18,DETERGENTES,0.0
2026-04-18,DETERGENTES Y LIMPIEZA,5.0
2026-04-18,DULCES,0.0
2026-04-18,EMBUTIDOS,0.0
2026-04-18,GALLETAS Y BIZCOCHOS,52.0
2026-04-18,GASEOSAS,222.0
2026-04-18,GOLOSINAS,290.0
2026-04-18,HARINAS,0.0
2026-04-18,HELADOS,0.0
2026-04-18,HIGIENE FEMENINA,0.0
2026-04-18,HIGIENE PERSONAL,0.0
2026-04-18,INFUSIONES,0.0
2026-04-18,JUGOS Y BEBIDAS,0.0
2026-04-18,LÁCTEOS,0.0
2026-04-18,MENESTRAS,0.0
2026-04-18,PANIFICADOS,0.0
2026-04-18,PAPEL HIGIÉNICO,0.0
2026-04-18,PASTAS,0.0
2026-04-18,PILAS Y BATERÍAS,0.0
2026-04-18,SNACKS,0.0
2026-04-18,SUAVIZANTES,0.0
2026-04-18,UNTABLES Y DULCES,0.0
2026-04-19,ABARROTES,0.0
2026-04-19,AGUA,172.0
2026-04-19,ALIMENTO PARA PERROS,0.0
2026-04-19,BEBIDAS ALCOHÓLICAS (RESTRINGIDO),0.0
2026-04-19,BEBIDAS EN POLVO,0.0
2026-04-19,BEBIDAS ENERGÉTICAS,0.0
2026-04-19,BEBIDAS ISOTÓNICAS,0.0
2026-04-19,CAFÉ,0.0
2026-04-19,CARNES Y EMBUTIDOS,0.0
2026-04-19,CEREALES,0.0
2026-04-19,CHOCOLATES,0.0
2026-04-19,CONDIMENTOS Y SALSAS,0.0
2026-04-19,CONSERVAS,0.0
2026-04-19,CUIDADO BUCAL,0.0
2026-04-19,CUIDADO CAPILAR,1.0
2026-04-19,CUIDADO DEL BEBÉ,0.0
2026-04-19,DESECHABLES Y PAPEL,0.0
2026-04-19,DETERGENTES,0.0
2026-04-19,DETERGENTES Y LIMPIEZA,9.0
2026-04-19,DULCES,0.0
2026-04-19,EMBUTIDOS,0.0
2026-04-19,GALLETAS Y BIZCOCHOS,0.0
2026-04-19,GASEOSAS,146.0
2026-04-19,GOLOSINAS,149.0
2026-04-19,HARINAS,0.0
2026-04-19,HELADOS,15.0
2026-04-19,HIGIENE FEMENINA,0.0
2026-04-19,HIGIENE PERSONAL,0.0
2026-04-19,INFUSIONES,0.0
2026-04-19,JUGOS Y BEBIDAS,0.0
2026-04-19,LÁCTEOS,0.0
2026-04-19,MENESTRAS,0.0
2026-04-19,PANIFICADOS,0.0
2026-04-19,PAPEL HIGIÉNICO,0.0
2026-04-19,PASTAS,0.0
2026-04-19,PILAS Y BATERÍAS,0.0
2026-04-19,SNACKS,79.0
2026-04-19,SUAVIZANTES,0.0
2026-04-19,UNTABLES Y DULCES,0.0
2026-04-20,ABARROTES,4.0
2026-04-20,AGUA,114.0
2026-04-20,ALIMENTO PARA PERROS,0.0
2026-04-20,BEBIDAS ALCOHÓLICAS (RESTRINGIDO),0.0
2026-04-20,BEBIDAS EN POLVO,0.0
2026-04-20,BEBIDAS ENERGÉTICAS,0.0
2026-04-20,BEBIDAS ISOTÓNICAS,0.0
2026-04-20,CAFÉ,0.0
2026-04-20,CARNES Y EMBUTIDOS,0.0
2026-04-20,CEREALES,0.0
2026-04-20,CHOCOLATES,0.0
2026-04-20,CONDIMENTOS Y SALSAS,0.0
2026-04-20,CONSERVAS,0.0
2026-04-20,CUIDADO BUCAL,0.0
2026-04-20,CUIDADO CAPILAR,0.0
2026-04-20,CUIDADO DEL BEBÉ,0.0
2026-04-20,DESECHABLES Y PAPEL,0.0
2026-04-20,DETERGENTES,0.0
2026-04-20,DETERGENTES Y LIMPIEZA,1.0
2026-04-20,DULCES,0.0
2026-04-20,EMBUTIDOS,0.0
2026-04-20,GALLETAS Y BIZCOCHOS,29.0
2026-04-20,GASEOSAS,53.0
2026-04-20,GOLOSINAS,110.0
2026-04-20,HARINAS,0.0
2026-04-20,HELADOS,12.0
2026-04-20,HIGIENE FEMENINA,0.0
2026-04-20,HIGIENE PERSONAL,0.0
2026-04-20,INFUSIONES,0.0
2026-04-20,JUGOS Y BEBIDAS,0.0
2026-04-20,LÁCTEOS,0.0
2026-04-20,MENESTRAS,0.0
2026-04-20,PANIFICADOS,0.0
2026-04-20,PAPEL HIGIÉNICO,0.0
2026-04-20,PASTAS,0.0
2026-04-20,PILAS Y BATERÍAS,0.0
2026-04-20,SNACKS,0.0
2026-04-20,SUAVIZANTES,0.0
2026-04-20,UNTABLES Y DULCES,0.0
2026-04-21,ABARROTES,0.0
2026-04-21,AGUA,0.0
2026-04-21,ALIMENTO PARA PERROS,0.0
2026-04-21,BEBIDAS ALCOHÓLICAS (RESTRINGIDO),0.0
2026-04-21,BEBIDAS EN POLVO,0.0
2026-04-21,BEBIDAS ENERGÉTICAS,0.0
2026-04-21,BEBIDAS ISOTÓNICAS,0.0
2026-04-21,CAFÉ,0.0
2026-04-21,CARNES Y EMBUTIDOS,0.0
2026-04-21,CEREALES,0.0
2026-04-21,CHOCOLATES,0.0
2026-04-21,CONDIMENTOS Y SALSAS,18.0
2026-04-21,CONSERVAS,0.0
2026-04-21,CUIDADO BUCAL,0.0
2026-04-21,CUIDADO CAPILAR,3.0
2026-04-21,CUIDADO DEL BEBÉ,12.0
2026-04-21,DESECHABLES Y PAPEL,0.0
2026-04-21,DETERGENTES,0.0
2026-04-21,DETERGENTES Y LIMPIEZA,0.0
2026-04-21,DULCES,0.0
2026-04-21,EMBUTIDOS,0.0
2026-04-21,GALLETAS Y BIZCOCHOS,99.0
2026-04-21,GASEOSAS,266.0
2026-04-21,GOLOSINAS,80.0
2026-04-21,HARINAS,0.0
2026-04-21,HELADOS,0.0
2026-04-21,HIGIENE FEMENINA,0.0
2026-04-21,HIGIENE PERSONAL,0.0
2026-04-21,INFUSIONES,0.0
2026-04-21,JUGOS Y BEBIDAS,0.0
2026-04-21,LÁCTEOS,23.0
2026-04-21,MENESTRAS,0.0
2026-04-21,PANIFICADOS,0.0
2026-04-21,PAPEL HIGIÉNICO,0.0
2026-04-21,PASTAS,0.0
2026-04-21,PILAS Y BATERÍAS,0.0
2026-04-21,SNACKS,50.0
2026-04-21,SUAVIZANTES,0.0
2026-04-21,UNTABLES Y DULCES,0.0
2026-04-22,ABARROTES,18.0
2026-04-22,AGUA,0.0
2026-04-22,ALIMENTO PARA PERROS,0.0
2026-04-22,BEBIDAS ALCOHÓLICAS (RESTRINGIDO),0.0
2026-04-22,BEBIDAS EN POLVO,0.0
2026-04-22,BEBIDAS ENERGÉTICAS,0.0
2026-04-22,BEBIDAS ISOTÓNICAS,0.0
2026-04-22,CAFÉ,0.0
2026-04-22,CARNES Y EMBUTIDOS,0.0
2026-04-22,CEREALES,0.0
2026-04-22,CHOCOLATES,36.0
2026-04-22,CONDIMENTOS Y SALSAS,0.0
2026-04-22,CONSERVAS,0.0
2026-04-22,CUIDADO BUCAL,0.0
2026-04-22,CUIDADO CAPILAR,9.0
2026-04-22,CUIDADO DEL BEBÉ,0.0
2026-04-22,DESECHABLES Y PAPEL,0.0
2026-04-22,DETERGENTES,0.0
2026-04-22,DETERGENTES Y LIMPIEZA,0.0
2026-04-22,DULCES,0.0
2026-04-22,EMBUTIDOS,0.0
2026-04-22,GALLETAS Y BIZCOCHOS,0.0
2026-04-22,GASEOSAS,169.0
2026-04-22,GOLOSINAS,211.0
2026-04-22,HARINAS,0.0
2026-04-22,HELADOS,0.0
2026-04-22,HIGIENE FEMENINA,0.0
2026-04-22,HIGIENE PERSONAL,0.0
2026-04-22,INFUSIONES,0.0
2026-04-22,JUGOS Y BEBIDAS,0.0
2026-04-22,LÁCTEOS,0.0
2026-04-22,MENESTRAS,0.0
2026-04-22,PANIFICADOS,0.0
2026-04-22,PAPEL HIGIÉNICO,0.0
2026-04-22,PASTAS,0.0
2026-04-22,PILAS Y BATERÍAS,0.0
2026-04-22,SNACKS,102.0
2026-04-22,SUAVIZANTES,0.0
2026-04-22,UNTABLES Y DULCES,0.0
2026-04-23,ABARROTES,17.0
2026-04-23,AGUA,0.0
2026-04-23,ALIMENTO PARA PERROS,0.0
2026-04-23,BEBIDAS ALCOHÓLICAS (RESTRINGIDO),0.0
2026-04-23,BEBIDAS EN POLVO,0.0
2026-04-23,BEBIDAS ENERGÉTICAS,0.0
2026-04-23,BEBIDAS ISOTÓNICAS,18.0
2026-04-23,CAFÉ,0.0
2026-04-23,CARNES Y EMBUTIDOS,0.0
2026-04-23,CEREALES,0.0
2026-04-23,CHOCOLATES,0.0
2026-04-23,CONDIMENTOS Y SALSAS,0.0
2026-04-23,CONSERVAS,0.0
2026-04-23,CUIDADO BUCAL,0.0
2026-04-23,CUIDADO CAPILAR,0.0
2026-04-23,CUIDADO DEL BEBÉ,0.0
2026-04-23,DESECHABLES Y PAPEL,0.0
2026-04-23,DETERGENTES,0.0
2026-04-23,DETERGENTES Y LIMPIEZA,11.0
2026-04-23,DULCES,0.0
2026-04-23,EMBUTIDOS,0.0
2026-04-23,GALLETAS Y BIZCOCHOS,97.0
2026-04-23,GASEOSAS,64.0
2026-04-23,GOLOSINAS,0.0
2026-04-23,HARINAS,0.0
2026-04-23,HELADOS,0.0
2026-04-23,HIGIENE FEMENINA,0.0
2026-04-23,HIGIENE PERSONAL,0.0
2026-04-23,INFUSIONES,0.0
2026-04-23,JUGOS Y BEBIDAS,0.0
2026-04-23,LÁCTEOS,0.0
2026-04-23,MENESTRAS,0.0
2026-04-23,PANIFICADOS,0.0
2026-04-23,PAPEL HIGIÉNICO,0.0
2026-04-23,PASTAS,0.0
2026-04-23,PILAS Y BATERÍAS,0.0
2026-04-23,SNACKS,95.0
2026-04-23,SUAVIZANTES,0.0
2026-04-23,UNTABLES Y DULCES,0.0
2026-04-24,ABARROTES,2.0
2026-04-24,AGUA,86.0
2026-04-24,ALIMENTO PARA PERROS,0.0
2026-04-24,BEBIDAS ALCOHÓLICAS (RESTRINGIDO),0.0
2026-04-24,BEBIDAS EN POLVO,0.0
2026-04-24,BEBIDAS ENERGÉTICAS,0.0
2026-04-24,BEBIDAS ISOTÓNICAS,22.0
2026-04-24,CAFÉ,0.0
2026-04-24,CARNES Y EMBUTIDOS,0.0
2026-04-24,CEREALES,0.0
2026-04-24,CHOCOLATES,41.0
2026-04-24,CONDIMENTOS Y SALSAS,0.0
2026-04-24,CONSERVAS,0.0
2026-04-24,CUIDADO BUCAL,0.0
2026-04-24,CUIDADO CAPILAR,0.0
2026-04-24,CUIDADO DEL BEBÉ,0.0
2026-04-24,DESECHABLES Y PAPEL,0.0
2026-04-24,DETERGENTES,0.0
2026-04-24,DETERGENTES Y LIMPIEZA,0.0
2026-04-24,DULCES,0.0
2026-04-24,EMBUTIDOS,0.0
2026-04-24,GALLETAS Y BIZCOCHOS,0.0
2026-04-24,GASEOSAS,60.0
2026-04-24,GOLOSINAS,10.0
2026-04-24,HARINAS,0.0
2026-04-24,HELADOS,0.0
2026-04-24,HIGIENE FEMENINA,0.0
2026-04-24,HIGIENE PERSONAL,0.0
2026-04-24,INFUSIONES,0.0
2026-04-24,JUGOS Y BEBIDAS,0.0
2026-04-24,LÁCTEOS,0.0
2026-04-24,MENESTRAS,0.0
2026-04-24,PANIFICADOS,0.0
2026-04-24,PAPEL HIGIÉNICO,0.0
2026-04-24,PASTAS,0.0
2026-04-24,PILAS Y BATERÍAS,0.0
2026-04-24,SNACKS,0.0
2026-04-24,SUAVIZANTES,0.0
2026-04-24,UNTABLES Y DULCES,0.0
2026-04-25,ABARROTES,28.0
2026-04-25,AGUA,0.0
2026-04-25,ALIMENTO PARA PERROS,0.0
2026-04-25,BEBIDAS ALCOHÓLICAS (RESTRINGIDO),2.0
2026-04-25,BEBIDAS EN POLVO,0.0
2026-04-25,BEBIDAS ENERGÉTICAS,0.0
2026-04-25,BEBIDAS ISOTÓNICAS,0.0
2026-04-25,CAFÉ,1.0
2026-04-25,CARNES Y EMBUTIDOS,0.0
2026-04-25,CEREALES,0.0
2026-04-25,CHOCOLATES,0.0
2026-04-25,CONDIMENTOS Y SALSAS,0.0
2026-04-25,CONSERVAS,0.0
2026-04-25,CUIDADO BUCAL,0.0
2026-04-25,CUIDADO CAPILAR,8.0
2026-04-25,CUIDADO DEL BEBÉ,0.0
2026-04-25,DESECHABLES Y PAPEL,0.0
2026-04-25,DETERGENTES,0.0
2026-04-25,DETERGENTES Y LIMPIEZA,0.0
2026-04-25,DULCES,0.0
2026-04-25,EMBUTIDOS,0.0
2026-04-25,GALLETAS Y BIZCOCHOS,46.0
2026-04-25,GASEOSAS,0.0
2026-04-25,GOLOSINAS,115.0
2026-04-25,HARINAS,0.0
2026-04-25,HELADOS,0.0
2026-04-25,HIGIENE FEMENINA,0.0
2026-04-25,HIGIENE PERSONAL,6.0
2026-04-25,INFUSIONES,0.0
2026-04-25,JUGOS Y BEBIDAS,0.0
2026-04-25,LÁCTEOS,8.0
2026-04-25,MENESTRAS,0.0
2026-04-25,PANIFICADOS,0.0
2026-04-25,PAPEL HIGIÉNICO,0.0
2026-04-25,PASTAS,0.0
2026-04-25,PILAS Y BATERÍAS,0.0
2026-04-25,SNACKS,150.0
2026-04-25,SUAVIZANTES,0.0
2026-04-25,UNTABLES Y DULCES,0.0
2026-04-26,ABARROTES,0.0
2026-04-26,AGUA,63.0
2026-04-26,ALIMENTO PARA PERROS,0.0
2026-04-26,BEBIDAS ALCOHÓLICAS (RESTRINGIDO),0.0
2026-04-26,BEBIDAS EN POLVO,0.0
2026-04-26,BEBIDAS ENERGÉTICAS,0.0
2026-04-26,BEBIDAS ISOTÓNICAS,0.0
2026-04-26,CAFÉ,0.0
2026-04-26,CARNES Y EMBUTIDOS,0.0
2026-04-26,CEREALES,0.0
2026-04-26,CHOCOLATES,0.0
2026-04-26,CONDIMENTOS Y SALSAS,0.0
2026-04-26,CONSERVAS,0.0
2026-04-26,CUIDADO BUCAL,0.0
2026-04-26,CUIDADO CAPILAR,0.0
2026-04-26,CUIDADO DEL BEBÉ,0.0
2026-04-26,DESECHABLES Y PAPEL,0.0
2026-04-26,DETERGENTES,0.0
2026-04-26,DETERGENTES Y LIMPIEZA,0.0
2026-04-26,DULCES,0.0
2026-04-26,EMBUTIDOS,0.0
2026-04-26,GALLETAS Y BIZCOCHOS,95.0
2026-04-26,GASEOSAS,207.0
2026-04-26,GOLOSINAS,196.0
2026-04-26,HARINAS,0.0
2026-04-26,HELADOS,0.0
2026-04-26,HIGIENE FEMENINA,0.0
2026-04-26,HIGIENE PERSONAL,9.0
2026-04-26,INFUSIONES,0.0
2026-04-26,JUGOS Y BEBIDAS,0.0
2026-04-26,LÁCTEOS,60.0
2026-04-26,MENESTRAS,0.0
2026-04-26,PANIFICADOS,0.0
2026-04-26,PAPEL HIGIÉNICO,0.0
2026-04-26,PASTAS,0.0
2026-04-26,PILAS Y BATERÍAS,0.0
2026-04-26,SNACKS,69.0
2026-04-26,SUAVIZANTES,0.0
2026-04-26,UNTABLES Y DULCES,0.0
2026-04-27,ABARROTES,22.0
2026-04-27,AGUA,0.0
2026-04-27,ALIMENTO PARA PERROS,0.0
2026-04-27,BEBIDAS ALCOHÓLICAS (RESTRINGIDO),0.0
2026-04-27,BEBIDAS EN POLVO,0.0
2026-04-27,BEBIDAS ENERGÉTICAS,0.0
2026-04-27,BEBIDAS ISOTÓNICAS,0.0
2026-04-27,CAFÉ,0.0
2026-04-27,CARNES Y EMBUTIDOS,9.0
2026-04-27,CEREALES,0.0
2026-04-27,CHOCOLATES,0.0
2026-04-27,CONDIMENTOS Y SALSAS,0.0
2026-04-27,CONSERVAS,0.0
2026-04-27,CUIDADO BUCAL,0.0
2026-04-27,CUIDADO CAPILAR,0.0
2026-04-27,CUIDADO DEL BEBÉ,0.0
2026-04-27,DESECHABLES Y PAPEL,0.0
2026-04-27,DETERGENTES,0.0
2026-04-27,DETERGENTES Y LIMPIEZA,0.0
2026-04-27,DULCES,0.0
2026-04-27,EMBUTIDOS,0.0
2026-04-27,GALLETAS Y BIZCOCHOS,51.0
2026-04-27,GASEOSAS,189.0
2026-04-27,GOLOSINAS,50.0
2026-04-27,HARINAS,0.0
2026-04-27,HELADOS,0.0
2026-04-27,HIGIENE FEMENINA,0.0
2026-04-27,HIGIENE PERSONAL,0.0
2026-04-27,INFUSIONES,0.0
2026-04-27,JUGOS Y BEBIDAS,0.0
2026-04-27,LÁCTEOS,0.0
2026-04-27,MENESTRAS,0.0
2026-04-27,PANIFICADOS,0.0
2026-04-27,PAPEL HIGIÉNICO,0.0
2026-04-27,PASTAS,0.0
2026-04-27,PILAS Y BATERÍAS,0.0
2026-04-27,SNACKS,0.0
2026-04-27,SUAVIZANTES,0.0
2026-04-27,UNTABLES Y DULCES,0.0
2026-04-28,ABARROTES,62.0
2026-04-28,AGUA,116.0
2026-04-28,ALIMENTO PARA PERROS,0.0
2026-04-28,BEBIDAS ALCOHÓLICAS (RESTRINGIDO),0.0
2026-04-28,BEBIDAS EN POLVO,0.0
2026-04-28,BEBIDAS ENERGÉTICAS,0.0
2026-04-28,BEBIDAS ISOTÓNICAS,0.0
2026-04-28,CAFÉ,18.0
2026-04-28,CARNES Y EMBUTIDOS,0.0
2026-04-28,CEREALES,0.0
2026-04-28,CHOCOLATES,0.0
2026-04-28,CONDIMENTOS Y SALSAS,10.0
2026-04-28,CONSERVAS,13.0
2026-04-28,CUIDADO BUCAL,0.0
2026-04-28,CUIDADO CAPILAR,0.0
2026-04-28,CUIDADO DEL BEBÉ,0.0
2026-04-28,DESECHABLES Y PAPEL,0.0
2026-04-28,DETERGENTES,0.0
2026-04-28,DETERGENTES Y LIMPIEZA,0.0
2026-04-28,DULCES,0.0
2026-04-28,EMBUTIDOS,0.0
2026-04-28,GALLETAS Y BIZCOCHOS,0.0
2026-04-28,GASEOSAS,63.0
2026-04-28,GOLOSINAS,130.0
2026-04-28,HARINAS,0.0
2026-04-28,HELADOS,0.0
2026-04-28,HIGIENE FEMENINA,0.0
2026-04-28,HIGIENE PERSONAL,0.0
2026-04-28,INFUSIONES,0.0
2026-04-28,JUGOS Y BEBIDAS,25.0
2026-04-28,LÁCTEOS,0.0
2026-04-28,MENESTRAS,0.0
2026-04-28,PANIFICADOS,0.0
2026-04-28,PAPEL HIGIÉNICO,0.0
2026-04-28,PASTAS,0.0
2026-04-28,PILAS Y BATERÍAS,0.0
2026-04-28,SNACKS,0.0
2026-04-28,SUAVIZANTES,0.0
2026-04-28,UNTABLES Y DULCES,0.0
2026-04-29,ABARROTES,0.0
2026-04-29,AGUA,0.0
2026-04-29,ALIMENTO PARA PERROS,0.0
2026-04-29,BEBIDAS ALCOHÓLICAS (RESTRINGIDO),0.0
2026-04-29,BEBIDAS EN POLVO,0.0
2026-04-29,BEBIDAS ENERGÉTICAS,0.0
2026-04-29,BEBIDAS ISOTÓNICAS,4.0
2026-04-29,CAFÉ,0.0
2026-04-29,CARNES Y EMBUTIDOS,0.0
2026-04-29,CEREALES,0.0
2026-04-29,CHOCOLATES,0.0
2026-04-29,CONDIMENTOS Y SALSAS,0.0
2026-04-29,CONSERVAS,0.0
2026-04-29,CUIDADO BUCAL,0.0
2026-04-29,CUIDADO CAPILAR,0.0
2026-04-29,CUIDADO DEL BEBÉ,0.0
2026-04-29,DESECHABLES Y PAPEL,0.0
2026-04-29,DETERGENTES,0.0
2026-04-29,DETERGENTES Y LIMPIEZA,0.0
2026-04-29,DULCES,0.0
2026-04-29,EMBUTIDOS,0.0
2026-04-29,GALLETAS Y BIZCOCHOS,117.0
2026-04-29,GASEOSAS,26.0
2026-04-29,GOLOSINAS,0.0
2026-04-29,HARINAS,0.0
2026-04-29,HELADOS,0.0
2026-04-29,HIGIENE FEMENINA,0.0
2026-04-29,HIGIENE PERSONAL,0.0
2026-04-29,INFUSIONES,0.0
2026-04-29,JUGOS Y BEBIDAS,0.0
2026-04-29,LÁCTEOS,0.0
2026-04-29,MENESTRAS,0.0
2026-04-29,PANIFICADOS,0.0
2026-04-29,PAPEL HIGIÉNICO,0.0
2026-04-29,PASTAS,0.0
2026-04-29,PILAS Y BATERÍAS,0.0
2026-04-29,SNACKS,20.0
2026-04-29,SUAVIZANTES,0.0
2026-04-29,UNTABLES Y DULCES,0.0
2026-04-30,ABARROTES,60.0
2026-04-30,AGUA,81.0
2026-04-30,ALIMENTO PARA PERROS,0.0
2026-04-30,BEBIDAS ALCOHÓLICAS (RESTRINGIDO),0.0
2026-04-30,BEBIDAS EN POLVO,0.0
2026-04-30,BEBIDAS ENERGÉTICAS,0.0
2026-04-30,BEBIDAS ISOTÓNICAS,0.0
2026-04-30,CAFÉ,0.0
2026-04-30,CARNES Y EMBUTIDOS,0.0
2026-04-30,CEREALES,0.0
2026-04-30,CHOCOLATES,0.0
2026-04-30,CONDIMENTOS Y SALSAS,0.0
2026-04-30,CONSERVAS,0.0
2026-04-30,CUIDADO BUCAL,0.0
2026-04-30,CUIDADO CAPILAR,0.0
2026-04-30,CUIDADO DEL BEBÉ,0.0
2026-04-30,DESECHABLES Y PAPEL,0.0
2026-04-30,DETERGENTES,0.0
2026-04-30,DETERGENTES Y LIMPIEZA,10.0
2026-04-30,DULCES,0.0
2026-04-30,EMBUTIDOS,0.0
2026-04-30,GALLETAS Y BIZCOCHOS,112.0
2026-04-30,GASEOSAS,7.0
2026-04-30,GOLOSINAS,101.0
2026-04-30,HARINAS,0.0
2026-04-30,HELADOS,0.0
2026-04-30,HIGIENE FEMENINA,0.0
2026-04-30,HIGIENE PERSONAL,14.0
2026-04-30,INFUSIONES,0.0
2026-04-30,JUGOS Y BEBIDAS,0.0
2026-04-30,LÁCTEOS,0.0
2026-04-30,MENESTRAS,0.0
2026-04-30,PANIFICADOS,0.0
2026-04-30,PAPEL HIGIÉNICO,0.0
2026-04-30,PASTAS,0.0
2026-04-30,PILAS Y BATERÍAS,0.0
2026-04-30,SNACKS,94.0
2026-04-30,SUAVIZANTES,0.0
2026-04-30,UNTABLES Y DULCES,0.0
2026-05-01,ABARROTES,0.0
2026-05-01,AGUA,0.0
2026-05-01,ALIMENTO PARA PERROS,0.0
2026-05-01,BEBIDAS ALCOHÓLICAS (RESTRINGIDO),0.0
2026-05-01,BEBIDAS EN POLVO,0.0
2026-05-01,BEBIDAS ENERGÉTICAS,0.0
2026-05-01,BEBIDAS ISOTÓNICAS,0.0
2026-05-01,CAFÉ,0.0
2026-05-01,CARNES Y EMBUTIDOS,0.0
2026-05-01,CEREALES,0.0
2026-05-01,CHOCOLATES,0.0
2026-05-01,CONDIMENTOS Y SALSAS,3.0
2026-05-01,CONSERVAS,0.0
2026-05-01,CUIDADO BUCAL,0.0
2026-05-01,CUIDADO CAPILAR,0.0
2026-05-01,CUIDADO DEL BEBÉ,0.0
2026-05-01,DESECHABLES Y PAPEL,14.0
2026-05-01,DETERGENTES,0.0
2026-05-01,DETERGENTES Y LIMPIEZA,0.0
2026-05-01,DULCES,0.0
2026-05-01,EMBUTIDOS,0.0
2026-05-01,GALLETAS Y BIZCOCHOS,65.0
2026-05-01,GASEOSAS,43.0
2026-05-01,GOLOSINAS,0.0
2026-05-01,HARINAS,0.0
2026-05-01,HELADOS,19.0
2026-05-01,HIGIENE FEMENINA,0.0
2026-05-01,HIGIENE PERSONAL,0.0
2026-05-01,INFUSIONES,0.0
2026-05-01,JUGOS Y BEBIDAS,0.0
2026-05-01,LÁCTEOS,0.0
2026-05-01,MENESTRAS,0.0
2026-05-01,PANIFICADOS,0.0
2026-05-01,PAPEL HIGIÉNICO,0.0
2026-05-01,PASTAS,0.0
2026-05-01,PILAS Y BATERÍAS,0.0
2026-05-01,SNACKS,94.0
2026-05-01,SUAVIZANTES,0.0
2026-05-01,UNTABLES Y DULCES,0.0
2026-05-02,ABARROTES,0.0
2026-05-02,AGUA,0.0
2026-05-02,ALIMENTO PARA PERROS,0.0
2026-05-02,BEBIDAS ALCOHÓLICAS (RESTRINGIDO),14.0
2026-05-02,BEBIDAS EN POLVO,0.0
2026-05-02,BEBIDAS ENERGÉTICAS,0.0
2026-05-02,BEBIDAS ISOTÓNICAS,0.0
2026-05-02,CAFÉ,0.0
2026-05-02,CARNES Y EMBUTIDOS,0.0
2026-05-02,CEREALES,0.0
2026-05-02,CHOCOLATES,30.0
2026-05-02,CONDIMENTOS Y SALSAS,0.0
2026-05-02,CONSERVAS,0.0
2026-05-02,CUIDADO BUCAL,0.0
2026-05-02,CUIDADO CAPILAR,0.0
2026-05-02,CUIDADO DEL BEBÉ,0.0
2026-05-02,DESECHABLES Y PAPEL,0.0
2026-05-02,DETERGENTES,0.0
2026-05-02,DETERGENTES Y LIMPIEZA,0.0
2026-05-02,DULCES,0.0
2026-05-02,EMBUTIDOS,0.0
2026-05-02,GALLETAS Y BIZCOCHOS,0.0
2026-05-02,GASEOSAS,203.0
2026-05-02,GOLOSINAS,171.0
2026-05-02,HARINAS,0.0
2026-05-02,HELADOS,0.0
2026-05-02,HIGIENE FEMENINA,0.0
2026-05-02,HIGIENE PERSONAL,0.0
2026-05-02,INFUSIONES,16.0
2026-05-02,JUGOS Y BEBIDAS,0.0
2026-05-02,LÁCTEOS,25.0
2026-05-02,MENESTRAS,0.0
2026-05-02,PANIFICADOS,0.0
2026-05-02,PAPEL HIGIÉNICO,0.0
2026-05-02,PASTAS,0.0
2026-05-02,PILAS Y BATERÍAS,0.0
2026-05-02,SNACKS,146.0
2026-05-02,SUAVIZANTES,0.0
2026-05-02,UNTABLES Y DULCES,0.0
2026-05-03,ABARROTES,3.0
2026-05-03,AGUA,236.0
2026-05-03,ALIMENTO PARA PERROS,0.0
2026-05-03,BEBIDAS ALCOHÓLICAS (RESTRINGIDO),0.0
2026-05-03,BEBIDAS EN POLVO,0.0
2026-05-03,BEBIDAS ENERGÉTICAS,0.0
2026-05-03,BEBIDAS ISOTÓNICAS,0.0
2026-05-03,CAFÉ,15.0
2026-05-03,CARNES Y EMBUTIDOS,0.0
2026-05-03,CEREALES,0.0
2026-05-03,CHOCOLATES,31.0
2026-05-03,CONDIMENTOS Y SALSAS,18.0
2026-05-03,CONSERVAS,0.0
2026-05-03,CUIDADO BUCAL,0.0
2026-05-03,CUIDADO CAPILAR,0.0
2026-05-03,CUIDADO DEL BEBÉ,0.0
2026-05-03,DESECHABLES Y PAPEL,0.0
2026-05-03,DETERGENTES,0.0
2026-05-03,DETERGENTES Y LIMPIEZA,17.0
2026-05-03,DULCES,0.0
2026-05-03,EMBUTIDOS,0.0
2026-05-03,GALLETAS Y BIZCOCHOS,0.0
2026-05-03,GASEOSAS,21.0
2026-05-03,GOLOSINAS,206.0
2026-05-03,HARINAS,0.0
2026-05-03,HELADOS,0.0
2026-05-03,HIGIENE FEMENINA,0.0
2026-05-03,HIGIENE PERSONAL,0.0
2026-05-03,INFUSIONES,4.0
2026-05-03,JUGOS Y BEBIDAS,0.0
2026-05-03,LÁCTEOS,24.0
2026-05-03,MENESTRAS,0.0
2026-05-03,PANIFICADOS,0.0
2026-05-03,PAPEL HIGIÉNICO,0.0
2026-05-03,PASTAS,0.0
2026-05-03,PILAS Y BATERÍAS,0.0
2026-05-03,SNACKS,54.0
2026-05-03,SUAVIZANTES,0.0
2026-05-03,UNTABLES Y DULCES,0.0
2026-05-04,ABARROTES,0.0
2026-05-04,AGUA,109.0
2026-05-04,ALIMENTO PARA PERROS,0.0
2026-05-04,BEBIDAS ALCOHÓLICAS (RESTRINGIDO),0.0
2026-05-04,BEBIDAS EN POLVO,0.0
2026-05-04,BEBIDAS ENERGÉTICAS,0.0
2026-05-04,BEBIDAS ISOTÓNICAS,0.0
2026-05-04,CAFÉ,0.0
2026-05-04,CARNES Y EMBUTIDOS,0.0
2026-05-04,CEREALES,0.0
2026-05-04,CHOCOLATES,35.0
2026-05-04,CONDIMENTOS Y SALSAS,0.0
2026-05-04,CONSERVAS,0.0
2026-05-04,CUIDADO BUCAL,0.0
2026-05-04,CUIDADO CAPILAR,0.0
2026-05-04,CUIDADO DEL BEBÉ,0.0
2026-05-04,DESECHABLES Y PAPEL,0.0
2026-05-04,DETERGENTES,0.0
2026-05-04,DETERGENTES Y LIMPIEZA,0.0
2026-05-04,DULCES,0.0
2026-05-04,EMBUTIDOS,0.0
2026-05-04,GALLETAS Y BIZCOCHOS,14.0
2026-05-04,GASEOSAS,0.0
2026-05-04,GOLOSINAS,80.0
2026-05-04,HARINAS,0.0
2026-05-04,HELADOS,0.0
2026-05-04,HIGIENE FEMENINA,0.0
2026-05-04,HIGIENE PERSONAL,0.0
2026-05-04,INFUSIONES,0.0
2026-05-04,JUGOS Y BEBIDAS,0.0
2026-05-04,LÁCTEOS,14.0
2026-05-04,MENESTRAS,0.0
2026-05-04,PANIFICADOS,0.0
2026-05-04,PAPEL HIGIÉNICO,0.0
2026-05-04,PASTAS,0.0
2026-05-04,PILAS Y BATERÍAS,0.0
2026-05-04,SNACKS,0.0
2026-05-04,SUAVIZANTES,0.0
2026-05-04,UNTABLES Y DULCES,0.0
2026-05-05,ABARROTES,26.0
2026-05-05,AGUA,50.0
2026-05-05,ALIMENTO PARA PERROS,0.0
2026-05-05,BEBIDAS ALCOHÓLICAS (RESTRINGIDO),0.0
2026-05-05,BEBIDAS EN POLVO,0.0
2026-05-05,BEBIDAS ENERGÉTICAS,0.0
2026-05-05,BEBIDAS ISOTÓNICAS,0.0
2026-05-05,CAFÉ,0.0
2026-05-05,CARNES Y EMBUTIDOS,0.0
2026-05-05,CEREALES,0.0
2026-05-05,CHOCOLATES,16.0
2026-05-05,CONDIMENTOS Y SALSAS,0.0
2026-05-05,CONSERVAS,0.0
2026-05-05,CUIDADO BUCAL,0.0
2026-05-05,CUIDADO CAPILAR,0.0
2026-05-05,CUIDADO DEL BEBÉ,0.0
2026-05-05,DESECHABLES Y PAPEL,0.0
2026-05-05,DETERGENTES,0.0
2026-05-05,DETERGENTES Y LIMPIEZA,0.0
2026-05-05,DULCES,0.0
2026-05-05,EMBUTIDOS,0.0
2026-05-05,GALLETAS Y BIZCOCHOS,9.0
2026-05-05,GASEOSAS,50.0
2026-05-05,GOLOSINAS,166.0
2026-05-05,HARINAS,0.0
2026-05-05,HELADOS,0.0
2026-05-05,HIGIENE FEMENINA,0.0
2026-05-05,HIGIENE PERSONAL,0.0
2026-05-05,INFUSIONES,0.0
2026-05-05,JUGOS Y BEBIDAS,0.0
2026-05-05,LÁCTEOS,0.0
2026-05-05,MENESTRAS,0.0
2026-05-05,PANIFICADOS,0.0
2026-05-05,PAPEL HIGIÉNICO,0.0
2026-05-05,PASTAS,0.0
2026-05-05,PILAS Y BATERÍAS,0.0
2026-05-05,SNACKS,64.0
2026-05-05,SUAVIZANTES,0.0
2026-05-05,UNTABLES Y DULCES,0.0
2026-05-06,ABARROTES,0.0
2026-05-06,AGUA,0.0
2026-05-06,ALIMENTO PARA PERROS,0.0
2026-05-06,BEBIDAS ALCOHÓLICAS (RESTRINGIDO),0.0
2026-05-06,BEBIDAS EN POLVO,0.0
2026-05-06,BEBIDAS ENERGÉTICAS,0.0
2026-05-06,BEBIDAS ISOTÓNICAS,0.0
2026-05-06,CAFÉ,2.0
2026-05-06,CARNES Y EMBUTIDOS,0.0
2026-05-06,CEREALES,0.0
2026-05-06,CHOCOLATES,13.0
2026-05-06,CONDIMENTOS Y SALSAS,0.0
2026-05-06,CONSERVAS,0.0
2026-05-06,CUIDADO BUCAL,0.0
2026-05-06,CUIDADO CAPILAR,7.0
2026-05-06,CUIDADO DEL BEBÉ,0.0
2026-05-06,DESECHABLES Y PAPEL,0.0
2026-05-06,DETERGENTES,0.0
2026-05-06,DETERGENTES Y LIMPIEZA,32.0
2026-05-06,DULCES,0.0
2026-05-06,EMBUTIDOS,0.0
2026-05-06,GALLETAS Y BIZCOCHOS,31.0
2026-05-06,GASEOSAS,26.0
2026-05-06,GOLOSINAS,122.0
2026-05-06,HARINAS,0.0
2026-05-06,HELADOS,0.0
2026-05-06,HIGIENE FEMENINA,0.0
2026-05-06,HIGIENE PERSONAL,0.0
2026-05-06,INFUSIONES,0.0
2026-05-06,JUGOS Y BEBIDAS,0.0
2026-05-06,LÁCTEOS,0.0
2026-05-06,MENESTRAS,0.0
2026-05-06,PANIFICADOS,0.0
2026-05-06,PAPEL HIGIÉNICO,0.0
2026-05-06,PASTAS,0.0
2026-05-06,PILAS Y BATERÍAS,0.0
2026-05-06,SNACKS,17.0
2026-05-06,SUAVIZANTES,0.0
2026-05-06,UNTABLES Y DULCES,0.0
2026-05-07,ABARROTES,5.0
2026-05-07,AGUA,0.0
2026-05-07,ALIMENTO PARA PERROS,0.0
2026-05-07,BEBIDAS ALCOHÓLICAS (RESTRINGIDO),18.0
2026-05-07,BEBIDAS EN POLVO,0.0
2026-05-07,BEBIDAS ENERGÉTICAS,0.0
2026-05-07,BEBIDAS ISOTÓNICAS,0.0
2026-05-07,CAFÉ,0.0
2026-05-07,CARNES Y EMBUTIDOS,0.0
2026-05-07,CEREALES,0.0
2026-05-07,CHOCOLATES,0.0
2026-05-07,CONDIMENTOS Y SALSAS,0.0
2026-05-07,CONSERVAS,0.0
2026-05-07,CUIDADO BUCAL,0.0
2026-05-07,CUIDADO CAPILAR,0.0
2026-05-07,CUIDADO DEL BEBÉ,0.0
2026-05-07,DESECHABLES Y PAPEL,13.0
2026-05-07,DETERGENTES,0.0
2026-05-07,DETERGENTES Y LIMPIEZA,25.0
2026-05-07,DULCES,0.0
2026-05-07,EMBUTIDOS,0.0
2026-05-07,GALLETAS Y BIZCOCHOS,0.0
2026-05-07,GASEOSAS,136.0
2026-05-07,GOLOSINAS,4.0
2026-05-07,HARINAS,0.0
2026-05-07,HELADOS,0.0
2026-05-07,HIGIENE FEMENINA,0.0
2026-05-07,HIGIENE PERSONAL,27.0
2026-05-07,INFUSIONES,0.0
2026-05-07,JUGOS Y BEBIDAS,0.0
2026-05-07,LÁCTEOS,40.0
2026-05-07,MENESTRAS,0.0
2026-05-07,PANIFICADOS,0.0
2026-05-07,PAPEL HIGIÉNICO,0.0
2026-05-07,PASTAS,0.0
2026-05-07,PILAS Y BATERÍAS,0.0
2026-05-07,SNACKS,37.0
2026-05-07,SUAVIZANTES,0.0
2026-05-07,UNTABLES Y DULCES,0.0
2026-05-08,ABARROTES,22.0
2026-05-08,AGUA,0.0
2026-05-08,ALIMENTO PARA PERROS,0.0
2026-05-08,BEBIDAS ALCOHÓLICAS (RESTRINGIDO),0.0
2026-05-08,BEBIDAS EN POLVO,0.0
2026-05-08,BEBIDAS ENERGÉTICAS,0.0
2026-05-08,BEBIDAS ISOTÓNICAS,20.0
2026-05-08,CAFÉ,6.0
2026-05-08,CARNES Y EMBUTIDOS,0.0
2026-05-08,CEREALES,0.0
2026-05-08,CHOCOLATES,0.0
2026-05-08,CONDIMENTOS Y SALSAS,0.0
2026-05-08,CONSERVAS,0.0
2026-05-08,CUIDADO BUCAL,0.0
2026-05-08,CUIDADO CAPILAR,0.0
2026-05-08,CUIDADO DEL BEBÉ,0.0
2026-05-08,DESECHABLES Y PAPEL,0.0
2026-05-08,DETERGENTES,0.0
2026-05-08,DETERGENTES Y LIMPIEZA,0.0
2026-05-08,DULCES,0.0
2026-05-08,EMBUTIDOS,0.0
2026-05-08,GALLETAS Y BIZCOCHOS,63.0
2026-05-08,GASEOSAS,237.0
2026-05-08,GOLOSINAS,77.0
2026-05-08,HARINAS,0.0
2026-05-08,HELADOS,0.0
2026-05-08,HIGIENE FEMENINA,0.0
2026-05-08,HIGIENE PERSONAL,0.0
2026-05-08,INFUSIONES,0.0
2026-05-08,JUGOS Y BEBIDAS,0.0
2026-05-08,LÁCTEOS,0.0
2026-05-08,MENESTRAS,0.0
2026-05-08,PANIFICADOS,0.0
2026-05-08,PAPEL HIGIÉNICO,0.0
2026-05-08,PASTAS,0.0
2026-05-08,PILAS Y BATERÍAS,0.0
2026-05-08,SNACKS,21.0
2026-05-08,SUAVIZANTES,0.0
2026-05-08,UNTABLES Y DULCES,0.0
2026-05-09,ABARROTES,0.0
2026-05-09,AGUA,162.0
2026-05-09,ALIMENTO PARA PERROS,0.0
2026-05-09,BEBIDAS ALCOHÓLICAS (RESTRINGIDO),0.0
2026-05-09,BEBIDAS EN POLVO,0.0
2026-05-09,BEBIDAS ENERGÉTICAS,0.0
2026-05-09,BEBIDAS ISOTÓNICAS,1.0
2026-05-09,CAFÉ,0.0
2026-05-09,CARNES Y EMBUTIDOS,0.0
2026-05-09,CEREALES,0.0
2026-05-09,CHOCOLATES,0.0
2026-05-09,CONDIMENTOS Y SALSAS,0.0
2026-05-09,CONSERVAS,0.0
2026-05-09,CUIDADO BUCAL,0.0
2026-05-09,CUIDADO CAPILAR,0.0
2026-05-09,CUIDADO DEL BEBÉ,0.0
2026-05-09,DESECHABLES Y PAPEL,0.0
2026-05-09,DETERGENTES,0.0
2026-05-09,DETERGENTES Y LIMPIEZA,0.0
2026-05-09,DULCES,0.0
2026-05-09,EMBUTIDOS,0.0
2026-05-09,GALLETAS Y BIZCOCHOS,36.0
2026-05-09,GASEOSAS,204.0
2026-05-09,GOLOSINAS,124.0
2026-05-09,HARINAS,0.0
2026-05-09,HELADOS,0.0
2026-05-09,HIGIENE FEMENINA,0.0
2026-05-09,HIGIENE PERSONAL,0.0
2026-05-09,INFUSIONES,0.0
2026-05-09,JUGOS Y BEBIDAS,0.0
2026-05-09,LÁCTEOS,0.0
2026-05-09,MENESTRAS,0.0
2026-05-09,PANIFICADOS,0.0
2026-05-09,PAPEL HIGIÉNICO,0.0
2026-05-09,PASTAS,0.0
2026-05-09,PILAS Y BATERÍAS,0.0
2026-05-09,SNACKS,4.0
2026-05-09,SUAVIZANTES,0.0
2026-05-09,UNTABLES Y DULCES,0.0
2026-05-10,ABARROTES,11.0
2026-05-10,AGUA,0.0
2026-05-10,ALIMENTO PARA PERROS,0.0
2026-05-10,BEBIDAS ALCOHÓLICAS (RESTRINGIDO),0.0
2026-05-10,BEBIDAS EN POLVO,0.0
2026-05-10,BEBIDAS ENERGÉTICAS,0.0
2026-05-10,BEBIDAS ISOTÓNICAS,0.0
2026-05-10,CAFÉ,0.0
2026-05-10,CARNES Y EMBUTIDOS,0.0
2026-05-10,CEREALES,0.0
2026-05-10,CHOCOLATES,0.0
2026-05-10,CONDIMENTOS Y SALSAS,0.0
2026-05-10,CONSERVAS,14.0
2026-05-10,CUIDADO BUCAL,0.0
2026-05-10,CUIDADO CAPILAR,0.0
2026-05-10,CUIDADO DEL BEBÉ,0.0
2026-05-10,DESECHABLES Y PAPEL,0.0
2026-05-10,DETERGENTES,0.0
2026-05-10,DETERGENTES Y LIMPIEZA,0.0
2026-05-10,DULCES,0.0
2026-05-10,EMBUTIDOS,0.0
2026-05-10,GALLETAS Y BIZCOCHOS,13.0
2026-05-10,GASEOSAS,41.0
2026-05-10,GOLOSINAS,54.0
2026-05-10,HARINAS,0.0
2026-05-10,HELADOS,0.0
2026-05-10,HIGIENE FEMENINA,0.0
2026-05-10,HIGIENE PERSONAL,0.0
2026-05-10,INFUSIONES,0.0
2026-05-10,JUGOS Y BEBIDAS,0.0
2026-05-10,LÁCTEOS,0.0
2026-05-10,MENESTRAS,0.0
2026-05-10,PANIFICADOS,0.0
2026-05-10,PAPEL HIGIÉNICO,0.0
2026-05-10,PASTAS,0.0
2026-05-10,PILAS Y BATERÍAS,0.0
2026-05-10,SNACKS,81.0
2026-05-10,SUAVIZANTES,0.0
2026-05-10,UNTABLES Y DULCES,0.0
2026-05-11,ABARROTES,34.0
2026-05-11,AGUA,21.0
2026-05-11,ALIMENTO PARA PERROS,0.0
2026-05-11,BEBIDAS ALCOHÓLICAS (RESTRINGIDO),0.0
2026-05-11,BEBIDAS EN POLVO,0.0
2026-05-11,BEBIDAS ENERGÉTICAS,0.0
2026-05-11,BEBIDAS ISOTÓNICAS,0.0
2026-05-11,CAFÉ,0.0
2026-05-11,CARNES Y EMBUTIDOS,0.0
2026-05-11,CEREALES,0.0
2026-05-11,CHOCOLATES,0.0
2026-05-11,CONDIMENTOS Y SALSAS,0.0
2026-05-11,CONSERVAS,0.0
2026-05-11,CUIDADO BUCAL,0.0
2026-05-11,CUIDADO CAPILAR,0.0
2026-05-11,CUIDADO DEL BEBÉ,0.0
2026-05-11,DESECHABLES Y PAPEL,0.0
2026-05-11,DETERGENTES,0.0
2026-05-11,DETERGENTES Y LIMPIEZA,0.0
2026-05-11,DULCES,0.0
2026-05-11,EMBUTIDOS,0.0
2026-05-11,GALLETAS Y BIZCOCHOS,10.0
2026-05-11,GASEOSAS,71.0
2026-05-11,GOLOSINAS,81.0
2026-05-11,HARINAS,0.0
2026-05-11,HELADOS,0.0
2026-05-11,HIGIENE FEMENINA,9.0
2026-05-11,HIGIENE PERSONAL,12.0
2026-05-11,INFUSIONES,0.0
2026-05-11,JUGOS Y BEBIDAS,3.0
2026-05-11,LÁCTEOS,0.0
2026-05-11,MENESTRAS,0.0
2026-05-11,PANIFICADOS,0.0
2026-05-11,PAPEL HIGIÉNICO,0.0
2026-05-11,PASTAS,0.0
2026-05-11,PILAS Y BATERÍAS,0.0
2026-05-11,SNACKS,0.0
2026-05-11,SUAVIZANTES,0.0
2026-05-11,UNTABLES Y DULCES,0.0
2026-05-12,ABARROTES,32.0
2026-05-12,AGUA,0.0
2026-05-12,ALIMENTO PARA PERROS,0.0
2026-05-12,BEBIDAS ALCOHÓLICAS (RESTRINGIDO),0.0
2026-05-12,BEBIDAS EN POLVO,0.0
2026-05-12,BEBIDAS ENERGÉTICAS,0.0
2026-05-12,BEBIDAS ISOTÓNICAS,0.0
2026-05-12,CAFÉ,0.0
2026-05-12,CARNES Y EMBUTIDOS,0.0
2026-05-12,CEREALES,0.0
2026-05-12,CHOCOLATES,0.0
2026-05-12,CONDIMENTOS Y SALSAS,0.0
2026-05-12,CONSERVAS,0.0
2026-05-12,CUIDADO BUCAL,8.0
2026-05-12,CUIDADO CAPILAR,0.0
2026-05-12,CUIDADO DEL BEBÉ,0.0
2026-05-12,DESECHABLES Y PAPEL,0.0
2026-05-12,DETERGENTES,0.0
2026-05-12,DETERGENTES Y LIMPIEZA,0.0
2026-05-12,DULCES,0.0
2026-05-12,EMBUTIDOS,0.0
2026-05-12,GALLETAS Y BIZCOCHOS,19.0
2026-05-12,GASEOSAS,27.0
2026-05-12,GOLOSINAS,60.0
2026-05-12,HARINAS,0.0
2026-05-12,HELADOS,0.0
2026-05-12,HIGIENE FEMENINA,0.0
2026-05-12,HIGIENE PERSONAL,0.0
2026-05-12,INFUSIONES,0.0
2026-05-12,JUGOS Y BEBIDAS,17.0
2026-05-12,LÁCTEOS,21.0
2026-05-12,MENESTRAS,0.0
2026-05-12,PANIFICADOS,0.0
2026-05-12,PAPEL HIGIÉNICO,0.0
2026-05-12,PASTAS,0.0
2026-05-12,PILAS Y BATERÍAS,0.0
2026-05-12,SNACKS,0.0
2026-05-12,SUAVIZANTES,0.0
2026-05-12,UNTABLES Y DULCES,0.0
2026-05-13,ABARROTES,31.0
2026-05-13,AGUA,0.0
2026-05-13,ALIMENTO PARA PERROS,0.0
2026-05-13,BEBIDAS ALCOHÓLICAS (RESTRINGIDO),0.0
2026-05-13,BEBIDAS EN POLVO,0.0
2026-05-13,BEBIDAS ENERGÉTICAS,0.0
2026-05-13,BEBIDAS ISOTÓNICAS,0.0
2026-05-13,CAFÉ,4.0
2026-05-13,CARNES Y EMBUTIDOS,0.0
2026-05-13,CEREALES,0.0
2026-05-13,CHOCOLATES,0.0
2026-05-13,CONDIMENTOS Y SALSAS,0.0
2026-05-13,CONSERVAS,0.0
2026-05-13,CUIDADO BUCAL,0.0
2026-05-13,CUIDADO CAPILAR,0.0
2026-05-13,CUIDADO DEL BEBÉ,0.0
2026-05-13,DESECHABLES Y PAPEL,6.0
2026-05-13,DETERGENTES,0.0
2026-05-13,DETERGENTES Y LIMPIEZA,0.0
2026-05-13,DULCES,0.0
2026-05-13,EMBUTIDOS,0.0
2026-05-13,GALLETAS Y BIZCOCHOS,7.0
2026-05-13,GASEOSAS,17.0
2026-05-13,GOLOSINAS,111.0
2026-05-13,HARINAS,0.0
2026-05-13,HELADOS,0.0
2026-05-13,HIGIENE FEMENINA,0.0
2026-05-13,HIGIENE PERSONAL,7.0
2026-05-13,INFUSIONES,0.0
2026-05-13,JUGOS Y BEBIDAS,0.0
2026-05-13,LÁCTEOS,0.0
2026-05-13,MENESTRAS,0.0
2026-05-13,PANIFICADOS,0.0
2026-05-13,PAPEL HIGIÉNICO,0.0
2026-05-13,PASTAS,0.0
2026-05-13,PILAS Y BATERÍAS,0.0
2026-05-13,SNACKS,0.0
2026-05-13,SUAVIZANTES,0.0
2026-05-13,UNTABLES Y DULCES,0.0
2026-05-14,ABARROTES,0.0
2026-05-14,AGUA,93.0
2026-05-14,ALIMENTO PARA PERROS,0.0
2026-05-14,BEBIDAS ALCOHÓLICAS (RESTRINGIDO),0.0
2026-05-14,BEBIDAS EN POLVO,0.0
2026-05-14,BEBIDAS ENERGÉTICAS,0.0
2026-05-14,BEBIDAS ISOTÓNICAS,0.0
2026-05-14,CAFÉ,0.0
2026-05-14,CARNES Y EMBUTIDOS,0.0
2026-05-14,CEREALES,0.0
2026-05-14,CHOCOLATES,0.0
2026-05-14,CONDIMENTOS Y SALSAS,0.0
2026-05-14,CONSERVAS,0.0
2026-05-14,CUIDADO BUCAL,12.0
2026-05-14,CUIDADO CAPILAR,0.0
2026-05-14,CUIDADO DEL BEBÉ,0.0
2026-05-14,DESECHABLES Y PAPEL,0.0
2026-05-14,DETERGENTES,0.0
2026-05-14,DETERGENTES Y LIMPIEZA,18.0
2026-05-14,DULCES,0.0
2026-05-14,EMBUTIDOS,0.0
2026-05-14,GALLETAS Y BIZCOCHOS,0.0
2026-05-14,GASEOSAS,270.0
2026-05-14,GOLOSINAS,0.0
2026-05-14,HARINAS,0.0
2026-05-14,HELADOS,0.0
2026-05-14,HIGIENE FEMENINA,0.0
2026-05-14,HIGIENE PERSONAL,0.0
2026-05-14,INFUSIONES,0.0
2026-05-14,JUGOS Y BEBIDAS,0.0
2026-05-14,LÁCTEOS,38.0
2026-05-14,MENESTRAS,0.0
2026-05-14,PANIFICADOS,0.0
2026-05-14,PAPEL HIGIÉNICO,0.0
2026-05-14,PASTAS,0.0
2026-05-14,PILAS Y BATERÍAS,0.0
2026-05-14,SNACKS,63.0
2026-05-14,SUAVIZANTES,0.0
2026-05-14,UNTABLES Y DULCES,0.0
2026-05-15,ABARROTES,58.0
2026-05-15,AGUA,47.0
2026-05-15,ALIMENTO PARA PERROS,0.0
2026-05-15,BEBIDAS ALCOHÓLICAS (RESTRINGIDO),0.0
2026-05-15,BEBIDAS EN POLVO,0.0
2026-05-15,BEBIDAS ENERGÉTICAS,0.0
2026-05-15,BEBIDAS ISOTÓNICAS,0.0
2026-05-15,CAFÉ,0.0
2026-05-15,CARNES Y EMBUTIDOS,0.0
2026-05-15,CEREALES,0.0
2026-05-15,CHOCOLATES,32.0
2026-05-15,CONDIMENTOS Y SALSAS,13.0
2026-05-15,CONSERVAS,0.0
2026-05-15,CUIDADO BUCAL,0.0
2026-05-15,CUIDADO CAPILAR,0.0
2026-05-15,CUIDADO DEL BEBÉ,0.0
2026-05-15,DESECHABLES Y PAPEL,4.0
2026-05-15,DETERGENTES,0.0
2026-05-15,DETERGENTES Y LIMPIEZA,0.0
2026-05-15,DULCES,0.0
2026-05-15,EMBUTIDOS,0.0
2026-05-15,GALLETAS Y BIZCOCHOS,50.0
2026-05-15,GASEOSAS,208.0
2026-05-15,GOLOSINAS,0.0
2026-05-15,HARINAS,0.0
2026-05-15,HELADOS,0.0
2026-05-15,HIGIENE FEMENINA,0.0
2026-05-15,HIGIENE PERSONAL,0.0
2026-05-15,INFUSIONES,0.0
2026-05-15,JUGOS Y BEBIDAS,0.0
2026-05-15,LÁCTEOS,0.0
2026-05-15,MENESTRAS,0.0
2026-05-15,PANIFICADOS,0.0
2026-05-15,PAPEL HIGIÉNICO,0.0
2026-05-15,PASTAS,0.0
2026-05-15,PILAS Y BATERÍAS,0.0
2026-05-15,SNACKS,0.0
2026-05-15,SUAVIZANTES,0.0
2026-05-15,UNTABLES Y DULCES,0.0
2026-05-16,ABARROTES,0.0
2026-05-16,AGUA,225.0
2026-05-16,ALIMENTO PARA PERROS,0.0
2026-05-16,BEBIDAS ALCOHÓLICAS (RESTRINGIDO),0.0
2026-05-16,BEBIDAS EN POLVO,0.0
2026-05-16,BEBIDAS ENERGÉTICAS,0.0
2026-05-16,BEBIDAS ISOTÓNICAS,0.0
2026-05-16,CAFÉ,0.0
2026-05-16,CARNES Y EMBUTIDOS,13.0
2026-05-16,CEREALES,0.0
2026-05-16,CHOCOLATES,0.0
2026-05-16,CONDIMENTOS Y SALSAS,0.0
2026-05-16,CONSERVAS,0.0
2026-05-16,CUIDADO BUCAL,0.0
2026-05-16,CUIDADO CAPILAR,14.0
2026-05-16,CUIDADO DEL BEBÉ,0.0
2026-05-16,DESECHABLES Y PAPEL,0.0
2026-05-16,DETERGENTES,0.0
2026-05-16,DETERGENTES Y LIMPIEZA,0.0
2026-05-16,DULCES,0.0
2026-05-16,EMBUTIDOS,0.0
2026-05-16,GALLETAS Y BIZCOCHOS,0.0
2026-05-16,GASEOSAS,115.0
2026-05-16,GOLOSINAS,86.0
2026-05-16,HARINAS,0.0
2026-05-16,HELADOS,0.0
2026-05-16,HIGIENE FEMENINA,0.0
2026-05-16,HIGIENE PERSONAL,0.0
2026-05-16,INFUSIONES,0.0
2026-05-16,JUGOS Y BEBIDAS,0.0
2026-05-16,LÁCTEOS,0.0
2026-05-16,MENESTRAS,0.0
2026-05-16,PANIFICADOS,0.0
2026-05-16,PAPEL HIGIÉNICO,0.0
2026-05-16,PASTAS,0.0
2026-05-16,PILAS Y BATERÍAS,0.0
2026-05-16,SNACKS,76.0
2026-05-16,SUAVIZANTES,5.0
2026-05-16,UNTABLES Y DULCES,0.0
2026-05-17,ABARROTES,5.0
2026-05-17,AGUA,161.0
2026-05-17,ALIMENTO PARA PERROS,0.0
2026-05-17,BEBIDAS ALCOHÓLICAS (RESTRINGIDO),0.0
2026-05-17,BEBIDAS EN POLVO,0.0
2026-05-17,BEBIDAS ENERGÉTICAS,0.0
2026-05-17,BEBIDAS ISOTÓNICAS,0.0
2026-05-17,CAFÉ,0.0
2026-05-17,CARNES Y EMBUTIDOS,0.0
2026-05-17,CEREALES,0.0
2026-05-17,CHOCOLATES,33.0
2026-05-17,CONDIMENTOS Y SALSAS,0.0
2026-05-17,CONSERVAS,0.0
2026-05-17,CUIDADO BUCAL,0.0
2026-05-17,CUIDADO CAPILAR,0.0
2026-05-17,CUIDADO DEL BEBÉ,0.0
2026-05-17,DESECHABLES Y PAPEL,0.0
2026-05-17,DETERGENTES,0.0
2026-05-17,DETERGENTES Y LIMPIEZA,14.0
2026-05-17,DULCES,0.0
2026-05-17,EMBUTIDOS,0.0
2026-05-17,GALLETAS Y BIZCOCHOS,0.0
2026-05-17,GASEOSAS,38.0
2026-05-17,GOLOSINAS,228.0
2026-05-17,HARINAS,0.0
2026-05-17,HELADOS,0.0
2026-05-17,HIGIENE FEMENINA,0.0
2026-05-17,HIGIENE PERSONAL,0.0
2026-05-17,INFUSIONES,0.0
2026-05-17,JUGOS Y BEBIDAS,0.0
2026-05-17,LÁCTEOS,0.0
2026-05-17,MENESTRAS,0.0
2026-05-17,PANIFICADOS,0.0
2026-05-17,PAPEL HIGIÉNICO,0.0
2026-05-17,PASTAS,0.0
2026-05-17,PILAS Y BATERÍAS,0.0
2026-05-17,SNACKS,195.0
2026-05-17,SUAVIZANTES,0.0
2026-05-17,UNTABLES Y DULCES,0.0
2026-05-18,ABARROTES,0.0
2026-05-18,AGUA,126.0
2026-05-18,ALIMENTO PARA PERROS,0.0
2026-05-18,BEBIDAS ALCOHÓLICAS (RESTRINGIDO),13.0
2026-05-18,BEBIDAS EN POLVO,0.0
2026-05-18,BEBIDAS ENERGÉTICAS,0.0
2026-05-18,BEBIDAS ISOTÓNICAS,0.0
2026-05-18,CAFÉ,0.0
2026-05-18,CARNES Y EMBUTIDOS,0.0
2026-05-18,CEREALES,0.0
2026-05-18,CHOCOLATES,3.0
2026-05-18,CONDIMENTOS Y SALSAS,0.0
2026-05-18,CONSERVAS,0.0
2026-05-18,CUIDADO BUCAL,0.0
2026-05-18,CUIDADO CAPILAR,0.0
2026-05-18,CUIDADO DEL BEBÉ,0.0
2026-05-18,DESECHABLES Y PAPEL,0.0
2026-05-18,DETERGENTES,0.0
2026-05-18,DETERGENTES Y LIMPIEZA,17.0
2026-05-18,DULCES,0.0
2026-05-18,EMBUTIDOS,0.0
2026-05-18,GALLETAS Y BIZCOCHOS,0.0
2026-05-18,GASEOSAS,9.0
2026-05-18,GOLOSINAS,72.0
2026-05-18,HARINAS,0.0
2026-05-18,HELADOS,0.0
2026-05-18,HIGIENE FEMENINA,0.0
2026-05-18,HIGIENE PERSONAL,0.0
2026-05-18,INFUSIONES,0.0
2026-05-18,JUGOS Y BEBIDAS,0.0
2026-05-18,LÁCTEOS,0.0
2026-05-18,MENESTRAS,0.0
2026-05-18,PANIFICADOS,0.0
2026-05-18,PAPEL HIGIÉNICO,0.0
2026-05-18,PASTAS,0.0
2026-05-18,PILAS Y BATERÍAS,0.0
2026-05-18,SNACKS,124.0
2026-05-18,SUAVIZANTES,0.0
2026-05-18,UNTABLES Y DULCES,0.0
2026-05-19,ABARROTES,0.0
2026-05-19,AGUA,0.0
2026-05-19,ALIMENTO PARA PERROS,0.0
2026-05-19,BEBIDAS ALCOHÓLICAS (RESTRINGIDO),0.0
2026-05-19,BEBIDAS EN POLVO,0.0
2026-05-19,BEBIDAS ENERGÉTICAS,0.0
2026-05-19,BEBIDAS ISOTÓNICAS,0.0
2026-05-19,CAFÉ,0.0
2026-05-19,CARNES Y EMBUTIDOS,0.0
2026-05-19,CEREALES,0.0
2026-05-19,CHOCOLATES,0.0
2026-05-19,CONDIMENTOS Y SALSAS,0.0
2026-05-19,CONSERVAS,0.0
2026-05-19,CUIDADO BUCAL,0.0
2026-05-19,CUIDADO CAPILAR,0.0
2026-05-19,CUIDADO DEL BEBÉ,0.0
2026-05-19,DESECHABLES Y PAPEL,0.0
2026-05-19,DETERGENTES,0.0
2026-05-19,DETERGENTES Y LIMPIEZA,0.0
2026-05-19,DULCES,0.0
2026-05-19,EMBUTIDOS,0.0
2026-05-19,GALLETAS Y BIZCOCHOS,52.0
2026-05-19,GASEOSAS,0.0
2026-05-19,GOLOSINAS,71.0
2026-05-19,HARINAS,0.0
2026-05-19,HELADOS,0.0
2026-05-19,HIGIENE FEMENINA,0.0
2026-05-19,HIGIENE PERSONAL,0.0
2026-05-19,INFUSIONES,0.0
2026-05-19,JUGOS Y BEBIDAS,42.0
2026-05-19,LÁCTEOS,0.0
2026-05-19,MENESTRAS,0.0
2026-05-19,PANIFICADOS,0.0
2026-05-19,PAPEL HIGIÉNICO,0.0
2026-05-19,PASTAS,0.0
2026-05-19,PILAS Y BATERÍAS,0.0
2026-05-19,SNACKS,22.0
2026-05-19,SUAVIZANTES,0.0
2026-05-19,UNTABLES Y DULCES,0.0
2026-05-20,ABARROTES,17.0
2026-05-20,AGUA,0.0
2026-05-20,ALIMENTO PARA PERROS,0.0
2026-05-20,BEBIDAS ALCOHÓLICAS (RESTRINGIDO),0.0
2026-05-20,BEBIDAS EN POLVO,0.0
2026-05-20,BEBIDAS ENERGÉTICAS,0.0
2026-05-20,BEBIDAS ISOTÓNICAS,0.0
2026-05-20,CAFÉ,0.0
2026-05-20,CARNES Y EMBUTIDOS,0.0
2026-05-20,CEREALES,0.0
2026-05-20,CHOCOLATES,0.0
2026-05-20,CONDIMENTOS Y SALSAS,0.0
2026-05-20,CONSERVAS,0.0
2026-05-20,CUIDADO BUCAL,0.0
2026-05-20,CUIDADO CAPILAR,0.0
2026-05-20,CUIDADO DEL BEBÉ,0.0
2026-05-20,DESECHABLES Y PAPEL,0.0
2026-05-20,DETERGENTES,0.0
2026-05-20,DETERGENTES Y LIMPIEZA,18.0
2026-05-20,DULCES,0.0
2026-05-20,EMBUTIDOS,0.0
2026-05-20,GALLETAS Y BIZCOCHOS,58.0
2026-05-20,GASEOSAS,0.0
2026-05-20,GOLOSINAS,18.0
2026-05-20,HARINAS,0.0
2026-05-20,HELADOS,15.0
2026-05-20,HIGIENE FEMENINA,0.0
2026-05-20,HIGIENE PERSONAL,0.0
2026-05-20,INFUSIONES,0.0
2026-05-20,JUGOS Y BEBIDAS,0.0
2026-05-20,LÁCTEOS,0.0
2026-05-20,MENESTRAS,0.0
2026-05-20,PANIFICADOS,0.0
2026-05-20,PAPEL HIGIÉNICO,0.0
2026-05-20,PASTAS,0.0
2026-05-20,PILAS Y BATERÍAS,0.0
2026-05-20,SNACKS,30.0
2026-05-20,SUAVIZANTES,0.0
2026-05-20,UNTABLES Y DULCES,0.0
2026-05-21,ABARROTES,30.0
2026-05-21,AGUA,52.0
2026-05-21,ALIMENTO PARA PERROS,0.0
2026-05-21,BEBIDAS ALCOHÓLICAS (RESTRINGIDO),0.0
2026-05-21,BEBIDAS EN POLVO,0.0
2026-05-21,BEBIDAS ENERGÉTICAS,0.0
2026-05-21,BEBIDAS ISOTÓNICAS,0.0
2026-05-21,CAFÉ,0.0
2026-05-21,CARNES Y EMBUTIDOS,0.0
2026-05-21,CEREALES,0.0
2026-05-21,CHOCOLATES,8.0
2026-05-21,CONDIMENTOS Y SALSAS,0.0
2026-05-21,CONSERVAS,0.0
2026-05-21,CUIDADO BUCAL,9.0
2026-05-21,CUIDADO CAPILAR,10.0
2026-05-21,CUIDADO DEL BEBÉ,0.0
2026-05-21,DESECHABLES Y PAPEL,0.0
2026-05-21,DETERGENTES,0.0
2026-05-21,DETERGENTES Y LIMPIEZA,15.0
2026-05-21,DULCES,0.0
2026-05-21,EMBUTIDOS,0.0
2026-05-21,GALLETAS Y BIZCOCHOS,6.0
2026-05-21,GASEOSAS,34.0
2026-05-21,GOLOSINAS,61.0
2026-05-21,HARINAS,0.0
2026-05-21,HELADOS,0.0
2026-05-21,HIGIENE FEMENINA,0.0
2026-05-21,HIGIENE PERSONAL,0.0
2026-05-21,INFUSIONES,0.0
2026-05-21,JUGOS Y BEBIDAS,0.0
2026-05-21,LÁCTEOS,11.0
2026-05-21,MENESTRAS,0.0
2026-05-21,PANIFICADOS,0.0
2026-05-21,PAPEL HIGIÉNICO,0.0
2026-05-21,PASTAS,0.0
2026-05-21,PILAS Y BATERÍAS,0.0
2026-05-21,SNACKS,58.0
2026-05-21,SUAVIZANTES,0.0
2026-05-21,UNTABLES Y DULCES,0.0
2026-05-22,ABARROTES,0.0
2026-05-22,AGUA,118.0
2026-05-22,ALIMENTO PARA PERROS,0.0
2026-05-22,BEBIDAS ALCOHÓLICAS (RESTRINGIDO),0.0
2026-05-22,BEBIDAS EN POLVO,0.0
2026-05-22,BEBIDAS ENERGÉTICAS,0.0
2026-05-22,BEBIDAS ISOTÓNICAS,0.0
2026-05-22,CAFÉ,0.0
2026-05-22,CARNES Y EMBUTIDOS,0.0
2026-05-22,CEREALES,0.0
2026-05-22,CHOCOLATES,0.0
2026-05-22,CONDIMENTOS Y SALSAS,0.0
2026-05-22,CONSERVAS,0.0
2026-05-22,CUIDADO BUCAL,6.0
2026-05-22,CUIDADO CAPILAR,0.0
2026-05-22,CUIDADO DEL BEBÉ,0.0
2026-05-22,DESECHABLES Y PAPEL,0.0
2026-05-22,DETERGENTES,0.0
2026-05-22,DETERGENTES Y LIMPIEZA,5.0
2026-05-22,DULCES,0.0
2026-05-22,EMBUTIDOS,0.0
2026-05-22,GALLETAS Y BIZCOCHOS,27.0
2026-05-22,GASEOSAS,39.0
2026-05-22,GOLOSINAS,79.0
2026-05-22,HARINAS,0.0
2026-05-22,HELADOS,0.0
2026-05-22,HIGIENE FEMENINA,0.0
2026-05-22,HIGIENE PERSONAL,2.0
2026-05-22,INFUSIONES,0.0
2026-05-22,JUGOS Y BEBIDAS,0.0
2026-05-22,LÁCTEOS,4.0
2026-05-22,MENESTRAS,0.0
2026-05-22,PANIFICADOS,0.0
2026-05-22,PAPEL HIGIÉNICO,0.0
2026-05-22,PASTAS,0.0
2026-05-22,PILAS Y BATERÍAS,0.0
2026-05-22,SNACKS,0.0
2026-05-22,SUAVIZANTES,0.0
2026-05-22,UNTABLES Y DULCES,0.0
2026-05-23,ABARROTES,0.0
2026-05-23,AGUA,0.0
2026-05-23,ALIMENTO PARA PERROS,0.0
2026-05-23,BEBIDAS ALCOHÓLICAS (RESTRINGIDO),0.0
2026-05-23,BEBIDAS EN POLVO,0.0
2026-05-23,BEBIDAS ENERGÉTICAS,0.0
2026-05-23,BEBIDAS ISOTÓNICAS,0.0
2026-05-23,CAFÉ,0.0
2026-05-23,CARNES Y EMBUTIDOS,0.0
2026-05-23,CEREALES,0.0
2026-05-23,CHOCOLATES,48.0
2026-05-23,CONDIMENTOS Y SALSAS,0.0
2026-05-23,CONSERVAS,0.0
2026-05-23,CUIDADO BUCAL,0.0
2026-05-23,CUIDADO CAPILAR,5.0
2026-05-23,CUIDADO DEL BEBÉ,0.0
2026-05-23,DESECHABLES Y PAPEL,0.0
2026-05-23,DETERGENTES,0.0
2026-05-23,DETERGENTES Y LIMPIEZA,0.0
2026-05-23,DULCES,0.0
2026-05-23,EMBUTIDOS,0.0
2026-05-23,GALLETAS Y BIZCOCHOS,36.0
2026-05-23,GASEOSAS,0.0
2026-05-23,GOLOSINAS,112.0
2026-05-23,HARINAS,0.0
2026-05-23,HELADOS,0.0
2026-05-23,HIGIENE FEMENINA,0.0
2026-05-23,HIGIENE PERSONAL,16.0
2026-05-23,INFUSIONES,0.0
2026-05-23,JUGOS Y BEBIDAS,0.0
2026-05-23,LÁCTEOS,0.0
2026-05-23,MENESTRAS,0.0
2026-05-23,PANIFICADOS,0.0
2026-05-23,PAPEL HIGIÉNICO,0.0
2026-05-23,PASTAS,0.0
2026-05-23,PILAS Y BATERÍAS,0.0
2026-05-23,SNACKS,34.0
2026-05-23,SUAVIZANTES,0.0
2026-05-23,UNTABLES Y DULCES,0.0
2026-05-24,ABARROTES,20.0
2026-05-24,AGUA,284.0
2026-05-24,ALIMENTO PARA PERROS,0.0
2026-05-24,BEBIDAS ALCOHÓLICAS (RESTRINGIDO),0.0
2026-05-24,BEBIDAS EN POLVO,0.0
2026-05-24,BEBIDAS ENERGÉTICAS,0.0
2026-05-24,BEBIDAS ISOTÓNICAS,0.0
2026-05-24,CAFÉ,0.0
2026-05-24,CARNES Y EMBUTIDOS,0.0
2026-05-24,CEREALES,0.0
2026-05-24,CHOCOLATES,0.0
2026-05-24,CONDIMENTOS Y SALSAS,0.0
2026-05-24,CONSERVAS,13.0
2026-05-24,CUIDADO BUCAL,12.0
2026-05-24,CUIDADO CAPILAR,0.0
2026-05-24,CUIDADO DEL BEBÉ,0.0
2026-05-24,DESECHABLES Y PAPEL,0.0
2026-05-24,DETERGENTES,0.0
2026-05-24,DETERGENTES Y LIMPIEZA,0.0
2026-05-24,DULCES,0.0
2026-05-24,EMBUTIDOS,0.0
2026-05-24,GALLETAS Y BIZCOCHOS,0.0
2026-05-24,GASEOSAS,0.0
2026-05-24,GOLOSINAS,141.0
2026-05-24,HARINAS,0.0
2026-05-24,HELADOS,0.0
2026-05-24,HIGIENE FEMENINA,0.0
2026-05-24,HIGIENE PERSONAL,0.0
2026-05-24,INFUSIONES,0.0
2026-05-24,JUGOS Y BEBIDAS,16.0
2026-05-24,LÁCTEOS,37.0
2026-05-24,MENESTRAS,0.0
2026-05-24,PANIFICADOS,0.0
2026-05-24,PAPEL HIGIÉNICO,0.0
2026-05-24,PASTAS,0.0
2026-05-24,PILAS Y BATERÍAS,0.0
2026-05-24,SNACKS,177.0
2026-05-24,SUAVIZANTES,0.0
2026-05-24,UNTABLES Y DULCES,0.0
2026-05-25,ABARROTES,0.0
2026-05-25,AGUA,0.0
2026-05-25,ALIMENTO PARA PERROS,0.0
2026-05-25,BEBIDAS ALCOHÓLICAS (RESTRINGIDO),0.0
2026-05-25,BEBIDAS EN POLVO,0.0
2026-05-25,BEBIDAS ENERGÉTICAS,0.0
2026-05-25,BEBIDAS ISOTÓNICAS,0.0
2026-05-25,CAFÉ,0.0
2026-05-25,CARNES Y EMBUTIDOS,0.0
2026-05-25,CEREALES,0.0
2026-05-25,CHOCOLATES,0.0
2026-05-25,CONDIMENTOS Y SALSAS,0.0
2026-05-25,CONSERVAS,0.0
2026-05-25,CUIDADO BUCAL,0.0
2026-05-25,CUIDADO CAPILAR,0.0
2026-05-25,CUIDADO DEL BEBÉ,0.0
2026-05-25,DESECHABLES Y PAPEL,0.0
2026-05-25,DETERGENTES,0.0
2026-05-25,DETERGENTES Y LIMPIEZA,11.0
2026-05-25,DULCES,0.0
2026-05-25,EMBUTIDOS,0.0
2026-05-25,GALLETAS Y BIZCOCHOS,48.0
2026-05-25,GASEOSAS,43.0
2026-05-25,GOLOSINAS,0.0
2026-05-25,HARINAS,0.0
2026-05-25,HELADOS,0.0
2026-05-25,HIGIENE FEMENINA,0.0
2026-05-25,HIGIENE PERSONAL,0.0
2026-05-25,INFUSIONES,0.0
2026-05-25,JUGOS Y BEBIDAS,0.0
2026-05-25,LÁCTEOS,34.0
2026-05-25,MENESTRAS,0.0
2026-05-25,PANIFICADOS,0.0
2026-05-25,PAPEL HIGIÉNICO,0.0
2026-05-25,PASTAS,0.0
2026-05-25,PILAS Y BATERÍAS,0.0
2026-05-25,SNACKS,30.0
2026-05-25,SUAVIZANTES,0.0
2026-05-25,UNTABLES Y DULCES,0.0
2026-05-26,ABARROTES,35.0
2026-05-26,AGUA,17.0
2026-05-26,ALIMENTO PARA PERROS,0.0
2026-05-26,BEBIDAS ALCOHÓLICAS (RESTRINGIDO),0.0
2026-05-26,BEBIDAS EN POLVO,0.0
2026-05-26,BEBIDAS ENERGÉTICAS,0.0
2026-05-26,BEBIDAS ISOTÓNICAS,0.0
2026-05-26,CAFÉ,0.0
2026-05-26,CARNES Y EMBUTIDOS,0.0
2026-05-26,CEREALES,0.0
2026-05-26,CHOCOLATES,43.0
2026-05-26,CONDIMENTOS Y SALSAS,0.0
2026-05-26,CONSERVAS,0.0
2026-05-26,CUIDADO BUCAL,0.0
2026-05-26,CUIDADO CAPILAR,7.0
2026-05-26,CUIDADO DEL BEBÉ,0.0
2026-05-26,DESECHABLES Y PAPEL,0.0
2026-05-26,DETERGENTES,0.0
2026-05-26,DETERGENTES Y LIMPIEZA,0.0
2026-05-26,DULCES,0.0
2026-05-26,EMBUTIDOS,0.0
2026-05-26,GALLETAS Y BIZCOCHOS,0.0
2026-05-26,GASEOSAS,0.0
2026-05-26,GOLOSINAS,105.0
2026-05-26,HARINAS,0.0
2026-05-26,HELADOS,0.0
2026-05-26,HIGIENE FEMENINA,0.0
2026-05-26,HIGIENE PERSONAL,0.0
2026-05-26,INFUSIONES,0.0
2026-05-26,JUGOS Y BEBIDAS,0.0
2026-05-26,LÁCTEOS,3.0
2026-05-26,MENESTRAS,0.0
2026-05-26,PANIFICADOS,0.0
2026-05-26,PAPEL HIGIÉNICO,0.0
2026-05-26,PASTAS,0.0
2026-05-26,PILAS Y BATERÍAS,0.0
2026-05-26,SNACKS,25.0
2026-05-26,SUAVIZANTES,0.0
2026-05-26,UNTABLES Y DULCES,0.0
2026-05-27,ABARROTES,8.0
2026-05-27,AGUA,90.0
2026-05-27,ALIMENTO PARA PERROS,0.0
2026-05-27,BEBIDAS ALCOHÓLICAS (RESTRINGIDO),0.0
2026-05-27,BEBIDAS EN POLVO,0.0
2026-05-27,BEBIDAS ENERGÉTICAS,0.0
2026-05-27,BEBIDAS ISOTÓNICAS,0.0
2026-05-27,CAFÉ,0.0
2026-05-27,CARNES Y EMBUTIDOS,0.0
2026-05-27,CEREALES,0.0
2026-05-27,CHOCOLATES,33.0
2026-05-27,CONDIMENTOS Y SALSAS,0.0
2026-05-27,CONSERVAS,0.0
2026-05-27,CUIDADO BUCAL,0.0
2026-05-27,CUIDADO CAPILAR,0.0
2026-05-27,CUIDADO DEL BEBÉ,0.0
2026-05-27,DESECHABLES Y PAPEL,0.0
2026-05-27,DETERGENTES,0.0
2026-05-27,DETERGENTES Y LIMPIEZA,29.0
2026-05-27,DULCES,0.0
2026-05-27,EMBUTIDOS,0.0
2026-05-27,GALLETAS Y BIZCOCHOS,52.0
2026-05-27,GASEOSAS,196.0
2026-05-27,GOLOSINAS,29.0
2026-05-27,HARINAS,0.0
2026-05-27,HELADOS,0.0
2026-05-27,HIGIENE FEMENINA,0.0
2026-05-27,HIGIENE PERSONAL,0.0
2026-05-27,INFUSIONES,0.0
2026-05-27,JUGOS Y BEBIDAS,0.0
2026-05-27,LÁCTEOS,17.0
2026-05-27,MENESTRAS,0.0
2026-05-27,PANIFICADOS,0.0
2026-05-27,PAPEL HIGIÉNICO,0.0
2026-05-27,PASTAS,0.0
2026-05-27,PILAS Y BATERÍAS,0.0
2026-05-27,SNACKS,0.0
2026-05-27,SUAVIZANTES,0.0
2026-05-27,UNTABLES Y DULCES,0.0
2026-05-28,ABARROTES,60.0
2026-05-28,AGUA,0.0
2026-05-28,ALIMENTO PARA PERROS,0.0
2026-05-28,BEBIDAS ALCOHÓLICAS (RESTRINGIDO),18.0
2026-05-28,BEBIDAS EN POLVO,0.0
2026-05-28,BEBIDAS ENERGÉTICAS,0.0
2026-05-28,BEBIDAS ISOTÓNICAS,0.0
2026-05-28,CAFÉ,0.0
2026-05-28,CARNES Y EMBUTIDOS,0.0
2026-05-28,CEREALES,0.0
2026-05-28,CHOCOLATES,4.0
2026-05-28,CONDIMENTOS Y SALSAS,0.0
2026-05-28,CONSERVAS,0.0
2026-05-28,CUIDADO BUCAL,0.0
2026-05-28,CUIDADO CAPILAR,0.0
2026-05-28,CUIDADO DEL BEBÉ,0.0
2026-05-28,DESECHABLES Y PAPEL,0.0
2026-05-28,DETERGENTES,0.0
2026-05-28,DETERGENTES Y LIMPIEZA,31.0
2026-05-28,DULCES,0.0
2026-05-28,EMBUTIDOS,0.0
2026-05-28,GALLETAS Y BIZCOCHOS,0.0
2026-05-28,GASEOSAS,0.0
2026-05-28,GOLOSINAS,9.0
2026-05-28,HARINAS,0.0
2026-05-28,HELADOS,0.0
2026-05-28,HIGIENE FEMENINA,0.0
2026-05-28,HIGIENE PERSONAL,0.0
2026-05-28,INFUSIONES,0.0
2026-05-28,JUGOS Y BEBIDAS,9.0
2026-05-28,LÁCTEOS,5.0
2026-05-28,MENESTRAS,0.0
2026-05-28,PANIFICADOS,0.0
2026-05-28,PAPEL HIGIÉNICO,0.0
2026-05-28,PASTAS,0.0
2026-05-28,PILAS Y BATERÍAS,0.0
2026-05-28,SNACKS,30.0
2026-05-28,SUAVIZANTES,0.0
2026-05-28,UNTABLES Y DULCES,0.0
2026-05-29,ABARROTES,8.0
2026-05-29,AGUA,21.0
2026-05-29,ALIMENTO PARA PERROS,0.0
2026-05-29,BEBIDAS ALCOHÓLICAS (RESTRINGIDO),13.0
2026-05-29,BEBIDAS EN POLVO,0.0
2026-05-29,BEBIDAS ENERGÉTICAS,0.0
2026-05-29,BEBIDAS ISOTÓNICAS,0.0
2026-05-29,CAFÉ,0.0
2026-05-29,CARNES Y EMBUTIDOS,0.0
2026-05-29,CEREALES,0.0
2026-05-29,CHOCOLATES,0.0
2026-05-29,CONDIMENTOS Y SALSAS,0.0
2026-05-29,CONSERVAS,0.0
2026-05-29,CUIDADO BUCAL,0.0
2026-05-29,CUIDADO CAPILAR,0.0
2026-05-29,CUIDADO DEL BEBÉ,0.0
2026-05-29,DESECHABLES Y PAPEL,0.0
2026-05-29,DETERGENTES,0.0
2026-05-29,DETERGENTES Y LIMPIEZA,0.0
2026-05-29,DULCES,0.0
2026-05-29,EMBUTIDOS,0.0
2026-05-29,GALLETAS Y BIZCOCHOS,84.0
2026-05-29,GASEOSAS,26.0
2026-05-29,GOLOSINAS,24.0
2026-05-29,HARINAS,0.0
2026-05-29,HELADOS,0.0
2026-05-29,HIGIENE FEMENINA,0.0
2026-05-29,HIGIENE PERSONAL,9.0
2026-05-29,INFUSIONES,0.0
2026-05-29,JUGOS Y BEBIDAS,0.0
2026-05-29,LÁCTEOS,0.0
2026-05-29,MENESTRAS,0.0
2026-05-29,PANIFICADOS,0.0
2026-05-29,PAPEL HIGIÉNICO,0.0
2026-05-29,PASTAS,0.0
2026-05-29,PILAS Y BATERÍAS,0.0
2026-05-29,SNACKS,0.0
2026-05-29,SUAVIZANTES,0.0
2026-05-29,UNTABLES Y DULCES,0.0
2026-05-30,ABARROTES,85.0
2026-05-30,AGUA,0.0
2026-05-30,ALIMENTO PARA PERROS,0.0
2026-05-30,BEBIDAS ALCOHÓLICAS (RESTRINGIDO),0.0
2026-05-30,BEBIDAS EN POLVO,0.0
2026-05-30,BEBIDAS ENERGÉTICAS,0.0
2026-05-30,BEBIDAS ISOTÓNICAS,2.0
2026-05-30,CAFÉ,0.0
2026-05-30,CARNES Y EMBUTIDOS,0.0
2026-05-30,CEREALES,0.0
2026-05-30,CHOCOLATES,24.0
2026-05-30,CONDIMENTOS Y SALSAS,0.0
2026-05-30,CONSERVAS,2.0
2026-05-30,CUIDADO BUCAL,0.0
2026-05-30,CUIDADO CAPILAR,0.0
2026-05-30,CUIDADO DEL BEBÉ,0.0
2026-05-30,DESECHABLES Y PAPEL,0.0
2026-05-30,DETERGENTES,0.0
2026-05-30,DETERGENTES Y LIMPIEZA,0.0
2026-05-30,DULCES,0.0
2026-05-30,EMBUTIDOS,0.0
2026-05-30,GALLETAS Y BIZCOCHOS,83.0
2026-05-30,GASEOSAS,241.0
2026-05-30,GOLOSINAS,0.0
2026-05-30,HARINAS,0.0
2026-05-30,HELADOS,0.0
2026-05-30,HIGIENE FEMENINA,0.0
2026-05-30,HIGIENE PERSONAL,0.0
2026-05-30,INFUSIONES,0.0
2026-05-30,JUGOS Y BEBIDAS,0.0
2026-05-30,LÁCTEOS,0.0
2026-05-30,MENESTRAS,0.0
2026-05-30,PANIFICADOS,0.0
2026-05-30,PAPEL HIGIÉNICO,0.0
2026-05-30,PASTAS,0.0
2026-05-30,PILAS Y BATERÍAS,0.0
2026-05-30,SNACKS,129.0
2026-05-30,SUAVIZANTES,0.0
2026-05-30,UNTABLES Y DULCES,0.0
2026-05-31,ABARROTES,38.0
2026-05-31,AGUA,33.0
2026-05-31,ALIMENTO PARA PERROS,0.0
2026-05-31,BEBIDAS ALCOHÓLICAS (RESTRINGIDO),0.0
2026-05-31,BEBIDAS EN POLVO,0.0
2026-05-31,BEBIDAS ENERGÉTICAS,0.0
2026-05-31,BEBIDAS ISOTÓNICAS,0.0
2026-05-31,CAFÉ,0.0
2026-05-31,CARNES Y EMBUTIDOS,0.0
2026-05-31,CEREALES,0.0
2026-05-31,CHOCOLATES,24.0
2026-05-31,CONDIMENTOS Y SALSAS,0.0
2026-05-31,CONSERVAS,0.0
2026-05-31,CUIDADO BUCAL,0.0
2026-05-31,CUIDADO CAPILAR,0.0
2026-05-31,CUIDADO DEL BEBÉ,0.0
2026-05-31,DESECHABLES Y PAPEL,0.0
2026-05-31,DETERGENTES,0.0
2026-05-31,DETERGENTES Y LIMPIEZA,0.0
2026-05-31,DULCES,0.0
2026-05-31,EMBUTIDOS,0.0
2026-05-31,GALLETAS Y BIZCOCHOS,74.0
2026-05-31,GASEOSAS,335.0
2026-05-31,GOLOSINAS,138.0
2026-05-31,HARINAS,0.0
2026-05-31,HELADOS,0.0
2026-05-31,HIGIENE FEMENINA,0.0
2026-05-31,HIGIENE PERSONAL,0.0
2026-05-31,INFUSIONES,0.0
2026-05-31,JUGOS Y BEBIDAS,0.0
2026-05-31,LÁCTEOS,0.0
2026-05-31,MENESTRAS,0.0
2026-05-31,PANIFICADOS,0.0
2026-05-31,PAPEL HIGIÉNICO,0.0
2026-05-31,PASTAS,0.0
2026-05-31,PILAS Y BATERÍAS,12.0
2026-05-31,SNACKS,289.0
2026-05-31,SUAVIZANTES,5.0
2026-05-31,UNTABLES Y DULCES,0.0
2026-06-01,ABARROTES,13.0
2026-06-01,AGUA,0.0
2026-06-01,ALIMENTO PARA PERROS,0.0
2026-06-01,BEBIDAS ALCOHÓLICAS (RESTRINGIDO),0.0
2026-06-01,BEBIDAS EN POLVO,0.0
2026-06-01,BEBIDAS ENERGÉTICAS,0.0
2026-06-01,BEBIDAS ISOTÓNICAS,0.0
2026-06-01,CAFÉ,0.0
2026-06-01,CARNES Y EMBUTIDOS,0.0
2026-06-01,CEREALES,0.0
2026-06-01,CHOCOLATES,53.0
2026-06-01,CONDIMENTOS Y SALSAS,0.0
2026-06-01,CONSERVAS,0.0
2026-06-01,CUIDADO BUCAL,0.0
2026-06-01,CUIDADO CAPILAR,0.0
2026-06-01,CUIDADO DEL BEBÉ,0.0
2026-06-01,DESECHABLES Y PAPEL,0.0
2026-06-01,DETERGENTES,0.0
2026-06-01,DETERGENTES Y LIMPIEZA,2.0
2026-06-01,DULCES,0.0
2026-06-01,EMBUTIDOS,0.0
2026-06-01,GALLETAS Y BIZCOCHOS,40.0
2026-06-01,GASEOSAS,154.0
2026-06-01,GOLOSINAS,80.0
2026-06-01,HARINAS,0.0
2026-06-01,HELADOS,0.0
2026-06-01,HIGIENE FEMENINA,0.0
2026-06-01,HIGIENE PERSONAL,0.0
2026-06-01,INFUSIONES,0.0
2026-06-01,JUGOS Y BEBIDAS,0.0
2026-06-01,LÁCTEOS,0.0
2026-06-01,MENESTRAS,0.0
2026-06-01,PANIFICADOS,0.0
2026-06-01,PAPEL HIGIÉNICO,0.0
2026-06-01,PASTAS,0.0
2026-06-01,PILAS Y BATERÍAS,0.0
2026-06-01,SNACKS,11.0
2026-06-01,SUAVIZANTES,0.0
2026-06-01,UNTABLES Y DULCES,0.0
2026-06-02,ABARROTES,0.0
2026-06-02,AGUA,0.0
2026-06-02,ALIMENTO PARA PERROS,0.0
2026-06-02,BEBIDAS ALCOHÓLICAS (RESTRINGIDO),0.0
2026-06-02,BEBIDAS EN POLVO,0.0
2026-06-02,BEBIDAS ENERGÉTICAS,0.0
2026-06-02,BEBIDAS ISOTÓNICAS,0.0
2026-06-02,CAFÉ,0.0
2026-06-02,CARNES Y EMBUTIDOS,1.0
2026-06-02,CEREALES,0.0
2026-06-02,CHOCOLATES,0.0
2026-06-02,CONDIMENTOS Y SALSAS,0.0
2026-06-02,CONSERVAS,0.0
2026-06-02,CUIDADO BUCAL,0.0
2026-06-02,CUIDADO CAPILAR,0.0
2026-06-02,CUIDADO DEL BEBÉ,0.0
2026-06-02,DESECHABLES Y PAPEL,0.0
2026-06-02,DETERGENTES,0.0
2026-06-02,DETERGENTES Y LIMPIEZA,27.0
2026-06-02,DULCES,0.0
2026-06-02,EMBUTIDOS,0.0
2026-06-02,GALLETAS Y BIZCOCHOS,0.0
2026-06-02,GASEOSAS,162.0
2026-06-02,GOLOSINAS,0.0
2026-06-02,HARINAS,0.0
2026-06-02,HELADOS,0.0
2026-06-02,HIGIENE FEMENINA,0.0
2026-06-02,HIGIENE PERSONAL,0.0
2026-06-02,INFUSIONES,0.0
2026-06-02,JUGOS Y BEBIDAS,68.0
2026-06-02,LÁCTEOS,0.0
2026-06-02,MENESTRAS,0.0
2026-06-02,PANIFICADOS,0.0
2026-06-02,PAPEL HIGIÉNICO,0.0
2026-06-02,PASTAS,0.0
2026-06-02,PILAS Y BATERÍAS,0.0
2026-06-02,SNACKS,46.0
2026-06-02,SUAVIZANTES,0.0
2026-06-02,UNTABLES Y DULCES,0.0
2026-06-03,ABARROTES,0.0
2026-06-03,AGUA,0.0
2026-06-03,ALIMENTO PARA PERROS,0.0
2026-06-03,BEBIDAS ALCOHÓLICAS (RESTRINGIDO),0.0
2026-06-03,BEBIDAS EN POLVO,0.0
2026-06-03,BEBIDAS ENERGÉTICAS,0.0
2026-06-03,BEBIDAS ISOTÓNICAS,0.0
2026-06-03,CAFÉ,0.0
2026-06-03,CARNES Y EMBUTIDOS,0.0
2026-06-03,CEREALES,0.0
2026-06-03,CHOCOLATES,0.0
2026-06-03,CONDIMENTOS Y SALSAS,0.0
2026-06-03,CONSERVAS,0.0
2026-06-03,CUIDADO BUCAL,15.0
2026-06-03,CUIDADO CAPILAR,0.0
2026-06-03,CUIDADO DEL BEBÉ,0.0
2026-06-03,DESECHABLES Y PAPEL,0.0
2026-06-03,DETERGENTES,0.0
2026-06-03,DETERGENTES Y LIMPIEZA,1.0
2026-06-03,DULCES,0.0
2026-06-03,EMBUTIDOS,0.0
2026-06-03,GALLETAS Y BIZCOCHOS,57.0
2026-06-03,GASEOSAS,0.0
2026-06-03,GOLOSINAS,114.0
2026-06-03,HARINAS,0.0
2026-06-03,HELADOS,0.0
2026-06-03,HIGIENE FEMENINA,0.0
2026-06-03,HIGIENE PERSONAL,0.0
2026-06-03,INFUSIONES,0.0
2026-06-03,JUGOS Y BEBIDAS,0.0
2026-06-03,LÁCTEOS,25.0
2026-06-03,MENESTRAS,0.0
2026-06-03,PANIFICADOS,0.0
2026-06-03,PAPEL HIGIÉNICO,0.0
2026-06-03,PASTAS,0.0
2026-06-03,PILAS Y BATERÍAS,0.0
2026-06-03,SNACKS,15.0
2026-06-03,SUAVIZANTES,0.0
2026-06-03,UNTABLES Y DULCES,0.0
2026-06-04,ABARROTES,0.0
2026-06-04,AGUA,98.0
2026-06-04,ALIMENTO PARA PERROS,0.0
2026-06-04,BEBIDAS ALCOHÓLICAS (RESTRINGIDO),0.0
2026-06-04,BEBIDAS EN POLVO,0.0
2026-06-04,BEBIDAS ENERGÉTICAS,0.0
2026-06-04,BEBIDAS ISOTÓNICAS,0.0
2026-06-04,CAFÉ,0.0
2026-06-04,CARNES Y EMBUTIDOS,0.0
2026-06-04,CEREALES,0.0
2026-06-04,CHOCOLATES,0.0
2026-06-04,CONDIMENTOS Y SALSAS,0.0
2026-06-04,CONSERVAS,6.0
2026-06-04,CUIDADO BUCAL,0.0
2026-06-04,CUIDADO CAPILAR,8.0
2026-06-04,CUIDADO DEL BEBÉ,0.0
2026-06-04,DESECHABLES Y PAPEL,0.0
2026-06-04,DETERGENTES,0.0
2026-06-04,DETERGENTES Y LIMPIEZA,0.0
2026-06-04,DULCES,0.0
2026-06-04,EMBUTIDOS,0.0
2026-06-04,GALLETAS Y BIZCOCHOS,0.0
2026-06-04,GASEOSAS,78.0
2026-06-04,GOLOSINAS,156.0
2026-06-04,HARINAS,0.0
2026-06-04,HELADOS,0.0
2026-06-04,HIGIENE FEMENINA,0.0
2026-06-04,HIGIENE PERSONAL,5.0
2026-06-04,INFUSIONES,0.0
2026-06-04,JUGOS Y BEBIDAS,0.0
2026-06-04,LÁCTEOS,0.0
2026-06-04,MENESTRAS,0.0
2026-06-04,PANIFICADOS,0.0
2026-06-04,PAPEL HIGIÉNICO,0.0
2026-06-04,PASTAS,0.0
2026-06-04,PILAS Y BATERÍAS,0.0
2026-06-04,SNACKS,41.0
2026-06-04,SUAVIZANTES,0.0
2026-06-04,UNTABLES Y DULCES,0.0
2026-06-05,ABARROTES,41.0
2026-06-05,AGUA,0.0
2026-06-05,ALIMENTO PARA PERROS,0.0
2026-06-05,BEBIDAS ALCOHÓLICAS (RESTRINGIDO),0.0
2026-06-05,BEBIDAS EN POLVO,0.0
2026-06-05,BEBIDAS ENERGÉTICAS,0.0
2026-06-05,BEBIDAS ISOTÓNICAS,0.0
2026-06-05,CAFÉ,0.0
2026-06-05,CARNES Y EMBUTIDOS,0.0
2026-06-05,CEREALES,0.0
2026-06-05,CHOCOLATES,0.0
2026-06-05,CONDIMENTOS Y SALSAS,0.0
2026-06-05,CONSERVAS,0.0
2026-06-05,CUIDADO BUCAL,0.0
2026-06-05,CUIDADO CAPILAR,7.0
2026-06-05,CUIDADO DEL BEBÉ,0.0
2026-06-05,DESECHABLES Y PAPEL,0.0
2026-06-05,DETERGENTES,0.0
2026-06-05,DETERGENTES Y LIMPIEZA,24.0
2026-06-05,DULCES,0.0
2026-06-05,EMBUTIDOS,0.0
2026-06-05,GALLETAS Y BIZCOCHOS,135.0
2026-06-05,GASEOSAS,0.0
2026-06-05,GOLOSINAS,188.0
2026-06-05,HARINAS,0.0
2026-06-05,HELADOS,0.0
2026-06-05,HIGIENE FEMENINA,0.0
2026-06-05,HIGIENE PERSONAL,13.0
2026-06-05,INFUSIONES,0.0
2026-06-05,JUGOS Y BEBIDAS,0.0
2026-06-05,LÁCTEOS,8.0
2026-06-05,MENESTRAS,0.0
2026-06-05,PANIFICADOS,0.0
2026-06-05,PAPEL HIGIÉNICO,0.0
2026-06-05,PASTAS,0.0
2026-06-05,PILAS Y BATERÍAS,0.0
2026-06-05,SNACKS,0.0
2026-06-05,SUAVIZANTES,0.0
2026-06-05,UNTABLES Y DULCES,0.0
2026-06-06,ABARROTES,0.0
2026-06-06,AGUA,183.0
2026-06-06,ALIMENTO PARA PERROS,0.0
2026-06-06,BEBIDAS ALCOHÓLICAS (RESTRINGIDO),0.0
2026-06-06,BEBIDAS EN POLVO,0.0
2026-06-06,BEBIDAS ENERGÉTICAS,0.0
2026-06-06,BEBIDAS ISOTÓNICAS,0.0
2026-06-06,CAFÉ,2.0
2026-06-06,CARNES Y EMBUTIDOS,0.0
2026-06-06,CEREALES,0.0
2026-06-06,CHOCOLATES,0.0
2026-06-06,CONDIMENTOS Y SALSAS,0.0
2026-06-06,CONSERVAS,0.0
2026-06-06,CUIDADO BUCAL,16.0
2026-06-06,CUIDADO CAPILAR,0.0
2026-06-06,CUIDADO DEL BEBÉ,0.0
2026-06-06,DESECHABLES Y PAPEL,0.0
2026-06-06,DETERGENTES,0.0
2026-06-06,DETERGENTES Y LIMPIEZA,0.0
2026-06-06,DULCES,0.0
2026-06-06,EMBUTIDOS,0.0
2026-06-06,GALLETAS Y BIZCOCHOS,166.0
2026-06-06,GASEOSAS,318.0
2026-06-06,GOLOSINAS,186.0
2026-06-06,HARINAS,0.0
2026-06-06,HELADOS,0.0
2026-06-06,HIGIENE FEMENINA,0.0
2026-06-06,HIGIENE PERSONAL,0.0
2026-06-06,INFUSIONES,0.0
2026-06-06,JUGOS Y BEBIDAS,0.0
2026-06-06,LÁCTEOS,35.0
2026-06-06,MENESTRAS,0.0
2026-06-06,PANIFICADOS,0.0
2026-06-06,PAPEL HIGIÉNICO,0.0
2026-06-06,PASTAS,0.0
2026-06-06,PILAS Y BATERÍAS,0.0
2026-06-06,SNACKS,61.0
2026-06-06,SUAVIZANTES,0.0
2026-06-06,UNTABLES Y DULCES,0.0
2026-06-07,ABARROTES,0.0
2026-06-07,AGUA,254.0
2026-06-07,ALIMENTO PARA PERROS,0.0
2026-06-07,BEBIDAS ALCOHÓLICAS (RESTRINGIDO),0.0
2026-06-07,BEBIDAS EN POLVO,0.0
2026-06-07,BEBIDAS ENERGÉTICAS,0.0
2026-06-07,BEBIDAS ISOTÓNICAS,0.0
2026-06-07,CAFÉ,0.0
2026-06-07,CARNES Y EMBUTIDOS,0.0
2026-06-07,CEREALES,0.0
2026-06-07,CHOCOLATES,0.0
2026-06-07,CONDIMENTOS Y SALSAS,0.0
2026-06-07,CONSERVAS,0.0
2026-06-07,CUIDADO BUCAL,0.0
2026-06-07,CUIDADO CAPILAR,3.0
2026-06-07,CUIDADO DEL BEBÉ,0.0
2026-06-07,DESECHABLES Y PAPEL,0.0
2026-06-07,DETERGENTES,0.0
2026-06-07,DETERGENTES Y LIMPIEZA,0.0
2026-06-07,DULCES,0.0
2026-06-07,EMBUTIDOS,0.0
2026-06-07,GALLETAS Y BIZCOCHOS,37.0
2026-06-07,GASEOSAS,150.0
2026-06-07,GOLOSINAS,121.0
2026-06-07,HARINAS,0.0
2026-06-07,HELADOS,0.0
2026-06-07,HIGIENE FEMENINA,0.0
2026-06-07,HIGIENE PERSONAL,0.0
2026-06-07,INFUSIONES,0.0
2026-06-07,JUGOS Y BEBIDAS,0.0
2026-06-07,LÁCTEOS,19.0
2026-06-07,MENESTRAS,0.0
2026-06-07,PANIFICADOS,0.0
2026-06-07,PAPEL HIGIÉNICO,0.0
2026-06-07,PASTAS,0.0
2026-06-07,PILAS Y BATERÍAS,0.0
2026-06-07,SNACKS,0.0
2026-06-07,SUAVIZANTES,0.0
2026-06-07,UNTABLES Y DULCES,0.0
2026-06-08,ABARROTES,21.0
2026-06-08,AGUA,114.0
2026-06-08,ALIMENTO PARA PERROS,0.0
2026-06-08,BEBIDAS ALCOHÓLICAS (RESTRINGIDO),0.0
2026-06-08,BEBIDAS EN POLVO,0.0
2026-06-08,BEBIDAS ENERGÉTICAS,0.0
2026-06-08,BEBIDAS ISOTÓNICAS,0.0
2026-06-08,CAFÉ,12.0
2026-06-08,CARNES Y EMBUTIDOS,0.0
2026-06-08,CEREALES,0.0
2026-06-08,CHOCOLATES,16.0
2026-06-08,CONDIMENTOS Y SALSAS,0.0
2026-06-08,CONSERVAS,0.0
2026-06-08,CUIDADO BUCAL,8.0
2026-06-08,CUIDADO CAPILAR,0.0
2026-06-08,CUIDADO DEL BEBÉ,0.0
2026-06-08,DESECHABLES Y PAPEL,0.0
2026-06-08,DETERGENTES,0.0
2026-06-08,DETERGENTES Y LIMPIEZA,15.0
2026-06-08,DULCES,0.0
2026-06-08,EMBUTIDOS,0.0
2026-06-08,GALLETAS Y BIZCOCHOS,41.0
2026-06-08,GASEOSAS,43.0
2026-06-08,GOLOSINAS,58.0
2026-06-08,HARINAS,0.0
2026-06-08,HELADOS,0.0
2026-06-08,HIGIENE FEMENINA,0.0
2026-06-08,HIGIENE PERSONAL,10.0
2026-06-08,INFUSIONES,0.0
2026-06-08,JUGOS Y BEBIDAS,0.0
2026-06-08,LÁCTEOS,0.0
2026-06-08,MENESTRAS,0.0
2026-06-08,PANIFICADOS,0.0
2026-06-08,PAPEL HIGIÉNICO,0.0
2026-06-08,PASTAS,0.0
2026-06-08,PILAS Y BATERÍAS,0.0
2026-06-08,SNACKS,0.0
2026-06-08,SUAVIZANTES,0.0
2026-06-08,UNTABLES Y DULCES,0.0
2026-06-09,ABARROTES,3.0
2026-06-09,AGUA,0.0
2026-06-09,ALIMENTO PARA PERROS,0.0
2026-06-09,BEBIDAS ALCOHÓLICAS (RESTRINGIDO),0.0
2026-06-09,BEBIDAS EN POLVO,0.0
2026-06-09,BEBIDAS ENERGÉTICAS,0.0
2026-06-09,BEBIDAS ISOTÓNICAS,0.0
2026-06-09,CAFÉ,0.0
2026-06-09,CARNES Y EMBUTIDOS,0.0
2026-06-09,CEREALES,0.0
2026-06-09,CHOCOLATES,13.0
2026-06-09,CONDIMENTOS Y SALSAS,0.0
2026-06-09,CONSERVAS,5.0
2026-06-09,CUIDADO BUCAL,1.0
2026-06-09,CUIDADO CAPILAR,0.0
2026-06-09,CUIDADO DEL BEBÉ,0.0
2026-06-09,DESECHABLES Y PAPEL,0.0
2026-06-09,DETERGENTES,0.0
2026-06-09,DETERGENTES Y LIMPIEZA,16.0
2026-06-09,DULCES,0.0
2026-06-09,EMBUTIDOS,0.0
2026-06-09,GALLETAS Y BIZCOCHOS,27.0
2026-06-09,GASEOSAS,0.0
2026-06-09,GOLOSINAS,66.0
2026-06-09,HARINAS,0.0
2026-06-09,HELADOS,0.0
2026-06-09,HIGIENE FEMENINA,0.0
2026-06-09,HIGIENE PERSONAL,0.0
2026-06-09,INFUSIONES,0.0
2026-06-09,JUGOS Y BEBIDAS,0.0
2026-06-09,LÁCTEOS,17.0
2026-06-09,MENESTRAS,0.0
2026-06-09,PANIFICADOS,0.0
2026-06-09,PAPEL HIGIÉNICO,0.0
2026-06-09,PASTAS,0.0
2026-06-09,PILAS Y BATERÍAS,0.0
2026-06-09,SNACKS,68.0
2026-06-09,SUAVIZANTES,0.0
2026-06-09,UNTABLES Y DULCES,0.0
2026-06-10,ABARROTES,25.0
2026-06-10,AGUA,208.0
2026-06-10,ALIMENTO PARA PERROS,0.0
2026-06-10,BEBIDAS ALCOHÓLICAS (RESTRINGIDO),0.0
2026-06-10,BEBIDAS EN POLVO,0.0
2026-06-10,BEBIDAS ENERGÉTICAS,0.0
2026-06-10,BEBIDAS ISOTÓNICAS,0.0
2026-06-10,CAFÉ,0.0
2026-06-10,CARNES Y EMBUTIDOS,0.0
2026-06-10,CEREALES,0.0
2026-06-10,CHOCOLATES,25.0
2026-06-10,CONDIMENTOS Y SALSAS,0.0
2026-06-10,CONSERVAS,0.0
2026-06-10,CUIDADO BUCAL,0.0
2026-06-10,CUIDADO CAPILAR,0.0
2026-06-10,CUIDADO DEL BEBÉ,0.0
2026-06-10,DESECHABLES Y PAPEL,0.0
2026-06-10,DETERGENTES,0.0
2026-06-10,DETERGENTES Y LIMPIEZA,0.0
2026-06-10,DULCES,0.0
2026-06-10,EMBUTIDOS,0.0
2026-06-10,GALLETAS Y BIZCOCHOS,0.0
2026-06-10,GASEOSAS,76.0
2026-06-10,GOLOSINAS,116.0
2026-06-10,HARINAS,0.0
2026-06-10,HELADOS,0.0
2026-06-10,HIGIENE FEMENINA,0.0
2026-06-10,HIGIENE PERSONAL,0.0
2026-06-10,INFUSIONES,0.0
2026-06-10,JUGOS Y BEBIDAS,0.0
2026-06-10,LÁCTEOS,15.0
2026-06-10,MENESTRAS,0.0
2026-06-10,PANIFICADOS,0.0
2026-06-10,PAPEL HIGIÉNICO,0.0
2026-06-10,PASTAS,0.0
2026-06-10,PILAS Y BATERÍAS,0.0
2026-06-10,SNACKS,111.0
2026-06-10,SUAVIZANTES,0.0
2026-06-10,UNTABLES Y DULCES,0.0
2026-06-11,ABARROTES,22.0
2026-06-11,AGUA,59.0
2026-06-11,ALIMENTO PARA PERROS,0.0
2026-06-11,BEBIDAS ALCOHÓLICAS (RESTRINGIDO),0.0
2026-06-11,BEBIDAS EN POLVO,0.0
2026-06-11,BEBIDAS ENERGÉTICAS,0.0
2026-06-11,BEBIDAS ISOTÓNICAS,0.0
2026-06-11,CAFÉ,0.0
2026-06-11,CARNES Y EMBUTIDOS,0.0
2026-06-11,CEREALES,0.0
2026-06-11,CHOCOLATES,0.0
2026-06-11,CONDIMENTOS Y SALSAS,0.0
2026-06-11,CONSERVAS,7.0
2026-06-11,CUIDADO BUCAL,0.0
2026-06-11,CUIDADO CAPILAR,0.0
2026-06-11,CUIDADO DEL BEBÉ,0.0
2026-06-11,DESECHABLES Y PAPEL,0.0
2026-06-11,DETERGENTES,0.0
2026-06-11,DETERGENTES Y LIMPIEZA,0.0
2026-06-11,DULCES,0.0
2026-06-11,EMBUTIDOS,0.0
2026-06-11,GALLETAS Y BIZCOCHOS,23.0
2026-06-11,GASEOSAS,152.0
2026-06-11,GOLOSINAS,0.0
2026-06-11,HARINAS,0.0
2026-06-11,HELADOS,0.0
2026-06-11,HIGIENE FEMENINA,0.0
2026-06-11,HIGIENE PERSONAL,0.0
2026-06-11,INFUSIONES,0.0
2026-06-11,JUGOS Y BEBIDAS,0.0
2026-06-11,LÁCTEOS,44.0
2026-06-11,MENESTRAS,0.0
2026-06-11,PANIFICADOS,0.0
2026-06-11,PAPEL HIGIÉNICO,0.0
2026-06-11,PASTAS,0.0
2026-06-11,PILAS Y BATERÍAS,0.0
2026-06-11,SNACKS,87.0
2026-06-11,SUAVIZANTES,0.0
2026-06-11,UNTABLES Y DULCES,0.0
2026-06-12,ABARROTES,0.0
2026-06-12,AGUA,0.0
2026-06-12,ALIMENTO PARA PERROS,0.0
2026-06-12,BEBIDAS ALCOHÓLICAS (RESTRINGIDO),0.0
2026-06-12,BEBIDAS EN POLVO,0.0
2026-06-12,BEBIDAS ENERGÉTICAS,0.0
2026-06-12,BEBIDAS ISOTÓNICAS,0.0
2026-06-12,CAFÉ,0.0
2026-06-12,CARNES Y EMBUTIDOS,0.0
2026-06-12,CEREALES,0.0
2026-06-12,CHOCOLATES,0.0
2026-06-12,CONDIMENTOS Y SALSAS,0.0
2026-06-12,CONSERVAS,0.0
2026-06-12,CUIDADO BUCAL,0.0
2026-06-12,CUIDADO CAPILAR,0.0
2026-06-12,CUIDADO DEL BEBÉ,0.0
2026-06-12,DESECHABLES Y PAPEL,0.0
2026-06-12,DETERGENTES,0.0
2026-06-12,DETERGENTES Y LIMPIEZA,0.0
2026-06-12,DULCES,0.0
2026-06-12,EMBUTIDOS,0.0
2026-06-12,GALLETAS Y BIZCOCHOS,55.0
2026-06-12,GASEOSAS,100.0
2026-06-12,GOLOSINAS,5.0
2026-06-12,HARINAS,0.0
2026-06-12,HELADOS,20.0
2026-06-12,HIGIENE FEMENINA,0.0
2026-06-12,HIGIENE PERSONAL,0.0
2026-06-12,INFUSIONES,0.0
2026-06-12,JUGOS Y BEBIDAS,0.0
2026-06-12,LÁCTEOS,19.0
2026-06-12,MENESTRAS,0.0
2026-06-12,PANIFICADOS,0.0
2026-06-12,PAPEL HIGIÉNICO,0.0
2026-06-12,PASTAS,0.0
2026-06-12,PILAS Y BATERÍAS,0.0
2026-06-12,SNACKS,26.0
2026-06-12,SUAVIZANTES,0.0
2026-06-12,UNTABLES Y DULCES,0.0
2026-06-13,ABARROTES,12.0
2026-06-13,AGUA,132.0
2026-06-13,ALIMENTO PARA PERROS,0.0
2026-06-13,BEBIDAS ALCOHÓLICAS (RESTRINGIDO),0.0
2026-06-13,BEBIDAS EN POLVO,0.0
2026-06-13,BEBIDAS ENERGÉTICAS,0.0
2026-06-13,BEBIDAS ISOTÓNICAS,0.0
2026-06-13,CAFÉ,0.0
2026-06-13,CARNES Y EMBUTIDOS,0.0
2026-06-13,CEREALES,0.0
2026-06-13,CHOCOLATES,46.0
2026-06-13,CONDIMENTOS Y SALSAS,0.0
2026-06-13,CONSERVAS,0.0
2026-06-13,CUIDADO BUCAL,0.0
2026-06-13,CUIDADO CAPILAR,0.0
2026-06-13,CUIDADO DEL BEBÉ,0.0
2026-06-13,DESECHABLES Y PAPEL,0.0
2026-06-13,DETERGENTES,0.0
2026-06-13,DETERGENTES Y LIMPIEZA,0.0
2026-06-13,DULCES,0.0
2026-06-13,EMBUTIDOS,0.0
2026-06-13,GALLETAS Y BIZCOCHOS,7.0
2026-06-13,GASEOSAS,258.0
2026-06-13,GOLOSINAS,60.0
2026-06-13,HARINAS,0.0
2026-06-13,HELADOS,0.0
2026-06-13,HIGIENE FEMENINA,0.0
2026-06-13,HIGIENE PERSONAL,4.0
2026-06-13,INFUSIONES,15.0
2026-06-13,JUGOS Y BEBIDAS,0.0
2026-06-13,LÁCTEOS,0.0
2026-06-13,MENESTRAS,0.0
2026-06-13,PANIFICADOS,0.0
2026-06-13,PAPEL HIGIÉNICO,0.0
2026-06-13,PASTAS,0.0
2026-06-13,PILAS Y BATERÍAS,0.0
2026-06-13,SNACKS,114.0
2026-06-13,SUAVIZANTES,0.0
2026-06-13,UNTABLES Y DULCES,0.0
2026-06-14,ABARROTES,53.0
2026-06-14,AGUA,0.0
2026-06-14,ALIMENTO PARA PERROS,0.0
2026-06-14,BEBIDAS ALCOHÓLICAS (RESTRINGIDO),0.0
2026-06-14,BEBIDAS EN POLVO,0.0
2026-06-14,BEBIDAS ENERGÉTICAS,18.0
2026-06-14,BEBIDAS ISOTÓNICAS,0.0
2026-06-14,CAFÉ,0.0
2026-06-14,CARNES Y EMBUTIDOS,0.0
2026-06-14,CEREALES,0.0
2026-06-14,CHOCOLATES,0.0
2026-06-14,CONDIMENTOS Y SALSAS,0.0
2026-06-14,CONSERVAS,0.0
2026-06-14,CUIDADO BUCAL,13.0
2026-06-14,CUIDADO CAPILAR,0.0
2026-06-14,CUIDADO DEL BEBÉ,0.0
2026-06-14,DESECHABLES Y PAPEL,0.0
2026-06-14,DETERGENTES,0.0
2026-06-14,DETERGENTES Y LIMPIEZA,0.0
2026-06-14,DULCES,0.0
2026-06-14,EMBUTIDOS,0.0
2026-06-14,GALLETAS Y BIZCOCHOS,53.0
2026-06-14,GASEOSAS,81.0
2026-06-14,GOLOSINAS,87.0
2026-06-14,HARINAS,0.0
2026-06-14,HELADOS,0.0
2026-06-14,HIGIENE FEMENINA,0.0
2026-06-14,HIGIENE PERSONAL,0.0
2026-06-14,INFUSIONES,0.0
2026-06-14,JUGOS Y BEBIDAS,0.0
2026-06-14,LÁCTEOS,11.0
2026-06-14,MENESTRAS,0.0
2026-06-14,PANIFICADOS,0.0
2026-06-14,PAPEL HIGIÉNICO,0.0
2026-06-14,PASTAS,0.0
2026-06-14,PILAS Y BATERÍAS,0.0
2026-06-14,SNACKS,22.0
2026-06-14,SUAVIZANTES,0.0
2026-06-14,UNTABLES Y DULCES,0.0
2026-06-15,ABARROTES,0.0
2026-06-15,AGUA,109.0
2026-06-15,ALIMENTO PARA PERROS,0.0
2026-06-15,BEBIDAS ALCOHÓLICAS (RESTRINGIDO),0.0
2026-06-15,BEBIDAS EN POLVO,0.0
2026-06-15,BEBIDAS ENERGÉTICAS,0.0
2026-06-15,BEBIDAS ISOTÓNICAS,0.0
2026-06-15,CAFÉ,0.0
2026-06-15,CARNES Y EMBUTIDOS,0.0
2026-06-15,CEREALES,0.0
2026-06-15,CHOCOLATES,0.0
2026-06-15,CONDIMENTOS Y SALSAS,0.0
2026-06-15,CONSERVAS,0.0
2026-06-15,CUIDADO BUCAL,12.0
2026-06-15,CUIDADO CAPILAR,0.0
2026-06-15,CUIDADO DEL BEBÉ,0.0
2026-06-15,DESECHABLES Y PAPEL,0.0
2026-06-15,DETERGENTES,0.0
2026-06-15,DETERGENTES Y LIMPIEZA,0.0
2026-06-15,DULCES,0.0
2026-06-15,EMBUTIDOS,0.0
2026-06-15,GALLETAS Y BIZCOCHOS,0.0
2026-06-15,GASEOSAS,220.0
2026-06-15,GOLOSINAS,30.0
2026-06-15,HARINAS,0.0
2026-06-15,HELADOS,0.0
2026-06-15,HIGIENE FEMENINA,0.0
2026-06-15,HIGIENE PERSONAL,1.0
2026-06-15,INFUSIONES,0.0
2026-06-15,JUGOS Y BEBIDAS,0.0
2026-06-15,LÁCTEOS,0.0
2026-06-15,MENESTRAS,0.0
2026-06-15,PANIFICADOS,0.0
2026-06-15,PAPEL HIGIÉNICO,0.0
2026-06-15,PASTAS,0.0
2026-06-15,PILAS Y BATERÍAS,0.0
2026-06-15,SNACKS,0.0
2026-06-15,SUAVIZANTES,0.0
2026-06-15,UNTABLES Y DULCES,0.0
2026-06-16,ABARROTES,15.0
2026-06-16,AGUA,75.0
2026-06-16,ALIMENTO PARA PERROS,0.0
2026-06-16,BEBIDAS ALCOHÓLICAS (RESTRINGIDO),0.0
2026-06-16,BEBIDAS EN POLVO,0.0
2026-06-16,BEBIDAS ENERGÉTICAS,0.0
2026-06-16,BEBIDAS ISOTÓNICAS,0.0
2026-06-16,CAFÉ,0.0
2026-06-16,CARNES Y EMBUTIDOS,0.0
2026-06-16,CEREALES,0.0
2026-06-16,CHOCOLATES,48.0
2026-06-16,CONDIMENTOS Y SALSAS,0.0
2026-06-16,CONSERVAS,0.0
2026-06-16,CUIDADO BUCAL,0.0
2026-06-16,CUIDADO CAPILAR,1.0
2026-06-16,CUIDADO DEL BEBÉ,0.0
2026-06-16,DESECHABLES Y PAPEL,0.0
2026-06-16,DETERGENTES,0.0
2026-06-16,DETERGENTES Y LIMPIEZA,0.0
2026-06-16,DULCES,0.0
2026-06-16,EMBUTIDOS,0.0
2026-06-16,GALLETAS Y BIZCOCHOS,0.0
2026-06-16,GASEOSAS,72.0
2026-06-16,GOLOSINAS,77.0
2026-06-16,HARINAS,0.0
2026-06-16,HELADOS,0.0
2026-06-16,HIGIENE FEMENINA,17.0
2026-06-16,HIGIENE PERSONAL,8.0
2026-06-16,INFUSIONES,0.0
2026-06-16,JUGOS Y BEBIDAS,0.0
2026-06-16,LÁCTEOS,0.0
2026-06-16,MENESTRAS,0.0
2026-06-16,PANIFICADOS,0.0
2026-06-16,PAPEL HIGIÉNICO,0.0
2026-06-16,PASTAS,0.0
2026-06-16,PILAS Y BATERÍAS,0.0
2026-06-16,SNACKS,7.0
2026-06-16,SUAVIZANTES,0.0
2026-06-16,UNTABLES Y DULCES,0.0
2026-06-17,ABARROTES,16.0
2026-06-17,AGUA,109.0
2026-06-17,ALIMENTO PARA PERROS,0.0
2026-06-17,BEBIDAS ALCOHÓLICAS (RESTRINGIDO),0.0
2026-06-17,BEBIDAS EN POLVO,0.0
2026-06-17,BEBIDAS ENERGÉTICAS,0.0
2026-06-17,BEBIDAS ISOTÓNICAS,0.0
2026-06-17,CAFÉ,0.0
2026-06-17,CARNES Y EMBUTIDOS,0.0
2026-06-17,CEREALES,0.0
2026-06-17,CHOCOLATES,16.0
2026-06-17,CONDIMENTOS Y SALSAS,0.0
2026-06-17,CONSERVAS,0.0
2026-06-17,CUIDADO BUCAL,0.0
2026-06-17,CUIDADO CAPILAR,0.0
2026-06-17,CUIDADO DEL BEBÉ,0.0
2026-06-17,DESECHABLES Y PAPEL,0.0
2026-06-17,DETERGENTES,0.0
2026-06-17,DETERGENTES Y LIMPIEZA,0.0
2026-06-17,DULCES,0.0
2026-06-17,EMBUTIDOS,0.0
2026-06-17,GALLETAS Y BIZCOCHOS,4.0
2026-06-17,GASEOSAS,0.0
2026-06-17,GOLOSINAS,37.0
2026-06-17,HARINAS,0.0
2026-06-17,HELADOS,0.0
2026-06-17,HIGIENE FEMENINA,0.0
2026-06-17,HIGIENE PERSONAL,0.0
2026-06-17,INFUSIONES,0.0
2026-06-17,JUGOS Y BEBIDAS,0.0
2026-06-17,LÁCTEOS,0.0
2026-06-17,MENESTRAS,0.0
2026-06-17,PANIFICADOS,0.0
2026-06-17,PAPEL HIGIÉNICO,0.0
2026-06-17,PASTAS,0.0
2026-06-17,PILAS Y BATERÍAS,0.0
2026-06-17,SNACKS,21.0
2026-06-17,SUAVIZANTES,8.0
2026-06-17,UNTABLES Y DULCES,0.0
2026-06-18,ABARROTES,0.0
2026-06-18,AGUA,0.0
2026-06-18,ALIMENTO PARA PERROS,0.0
2026-06-18,BEBIDAS ALCOHÓLICAS (RESTRINGIDO),0.0
2026-06-18,BEBIDAS EN POLVO,0.0
2026-06-18,BEBIDAS ENERGÉTICAS,0.0
2026-06-18,BEBIDAS ISOTÓNICAS,0.0
2026-06-18,CAFÉ,0.0
2026-06-18,CARNES Y EMBUTIDOS,0.0
2026-06-18,CEREALES,0.0
2026-06-18,CHOCOLATES,0.0
2026-06-18,CONDIMENTOS Y SALSAS,0.0
2026-06-18,CONSERVAS,0.0
2026-06-18,CUIDADO BUCAL,0.0
2026-06-18,CUIDADO CAPILAR,0.0
2026-06-18,CUIDADO DEL BEBÉ,0.0
2026-06-18,DESECHABLES Y PAPEL,0.0
2026-06-18,DETERGENTES,0.0
2026-06-18,DETERGENTES Y LIMPIEZA,0.0
2026-06-18,DULCES,0.0
2026-06-18,EMBUTIDOS,0.0
2026-06-18,GALLETAS Y BIZCOCHOS,42.0
2026-06-18,GASEOSAS,72.0
2026-06-18,GOLOSINAS,0.0
2026-06-18,HARINAS,0.0
2026-06-18,HELADOS,0.0
2026-06-18,HIGIENE FEMENINA,0.0
2026-06-18,HIGIENE PERSONAL,0.0
2026-06-18,INFUSIONES,0.0
2026-06-18,JUGOS Y BEBIDAS,6.0
2026-06-18,LÁCTEOS,19.0
2026-06-18,MENESTRAS,0.0
2026-06-18,PANIFICADOS,0.0
2026-06-18,PAPEL HIGIÉNICO,0.0
2026-06-18,PASTAS,0.0
2026-06-18,PILAS Y BATERÍAS,0.0
2026-06-18,SNACKS,0.0
2026-06-18,SUAVIZANTES,0.0
2026-06-18,UNTABLES Y DULCES,0.0
2026-06-19,ABARROTES,16.0
2026-06-19,AGUA,37.0
2026-06-19,ALIMENTO PARA PERROS,0.0
2026-06-19,BEBIDAS ALCOHÓLICAS (RESTRINGIDO),15.0
2026-06-19,BEBIDAS EN POLVO,0.0
2026-06-19,BEBIDAS ENERGÉTICAS,0.0
2026-06-19,BEBIDAS ISOTÓNICAS,0.0
2026-06-19,CAFÉ,0.0
2026-06-19,CARNES Y EMBUTIDOS,0.0
2026-06-19,CEREALES,0.0
2026-06-19,CHOCOLATES,42.0
2026-06-19,CONDIMENTOS Y SALSAS,0.0
2026-06-19,CONSERVAS,0.0
2026-06-19,CUIDADO BUCAL,4.0
2026-06-19,CUIDADO CAPILAR,7.0
2026-06-19,CUIDADO DEL BEBÉ,0.0
2026-06-19,DESECHABLES Y PAPEL,0.0
2026-06-19,DETERGENTES,0.0
2026-06-19,DETERGENTES Y LIMPIEZA,7.0
2026-06-19,DULCES,0.0
2026-06-19,EMBUTIDOS,0.0
2026-06-19,GALLETAS Y BIZCOCHOS,5.0
2026-06-19,GASEOSAS,44.0
2026-06-19,GOLOSINAS,23.0
2026-06-19,HARINAS,0.0
2026-06-19,HELADOS,0.0
2026-06-19,HIGIENE FEMENINA,0.0
2026-06-19,HIGIENE PERSONAL,3.0
2026-06-19,INFUSIONES,0.0
2026-06-19,JUGOS Y BEBIDAS,0.0
2026-06-19,LÁCTEOS,0.0
2026-06-19,MENESTRAS,0.0
2026-06-19,PANIFICADOS,0.0
2026-06-19,PAPEL HIGIÉNICO,0.0
2026-06-19,PASTAS,0.0
2026-06-19,PILAS Y BATERÍAS,0.0
2026-06-19,SNACKS,22.0
2026-06-19,SUAVIZANTES,0.0
2026-06-19,UNTABLES Y DULCES,0.0
2026-06-20,ABARROTES,47.0
2026-06-20,AGUA,0.0
2026-06-20,ALIMENTO PARA PERROS,0.0
2026-06-20,BEBIDAS ALCOHÓLICAS (RESTRINGIDO),1.0
2026-06-20,BEBIDAS EN POLVO,0.0
2026-06-20,BEBIDAS ENERGÉTICAS,0.0
2026-06-20,BEBIDAS ISOTÓNICAS,0.0
2026-06-20,CAFÉ,0.0
2026-06-20,CARNES Y EMBUTIDOS,0.0
2026-06-20,CEREALES,0.0
2026-06-20,CHOCOLATES,0.0
2026-06-20,CONDIMENTOS Y SALSAS,15.0
2026-06-20,CONSERVAS,0.0
2026-06-20,CUIDADO BUCAL,0.0
2026-06-20,CUIDADO CAPILAR,0.0
2026-06-20,CUIDADO DEL BEBÉ,0.0
2026-06-20,DESECHABLES Y PAPEL,0.0
2026-06-20,DETERGENTES,0.0
2026-06-20,DETERGENTES Y LIMPIEZA,20.0
2026-06-20,DULCES,0.0
2026-06-20,EMBUTIDOS,0.0
2026-06-20,GALLETAS Y BIZCOCHOS,121.0
2026-06-20,GASEOSAS,271.0
2026-06-20,GOLOSINAS,180.0
2026-06-20,HARINAS,0.0
2026-06-20,HELADOS,0.0
2026-06-20,HIGIENE FEMENINA,0.0
2026-06-20,HIGIENE PERSONAL,0.0
2026-06-20,INFUSIONES,0.0
2026-06-20,JUGOS Y BEBIDAS,0.0
2026-06-20,LÁCTEOS,13.0
2026-06-20,MENESTRAS,0.0
2026-06-20,PANIFICADOS,0.0
2026-06-20,PAPEL HIGIÉNICO,0.0
2026-06-20,PASTAS,0.0
2026-06-20,PILAS Y BATERÍAS,0.0
2026-06-20,SNACKS,192.0
2026-06-20,SUAVIZANTES,0.0
2026-06-20,UNTABLES Y DULCES,0.0
2026-06-21,ABARROTES,22.0
2026-06-21,AGUA,124.0
2026-06-21,ALIMENTO PARA PERROS,0.0
2026-06-21,BEBIDAS ALCOHÓLICAS (RESTRINGIDO),0.0
2026-06-21,BEBIDAS EN POLVO,0.0
2026-06-21,BEBIDAS ENERGÉTICAS,0.0
2026-06-21,BEBIDAS ISOTÓNICAS,0.0
2026-06-21,CAFÉ,0.0
2026-06-21,CARNES Y EMBUTIDOS,0.0
2026-06-21,CEREALES,0.0
2026-06-21,CHOCOLATES,0.0
2026-06-21,CONDIMENTOS Y SALSAS,0.0
2026-06-21,CONSERVAS,0.0
2026-06-21,CUIDADO BUCAL,7.0
2026-06-21,CUIDADO CAPILAR,0.0
2026-06-21,CUIDADO DEL BEBÉ,0.0
2026-06-21,DESECHABLES Y PAPEL,0.0
2026-06-21,DETERGENTES,0.0
2026-06-21,DETERGENTES Y LIMPIEZA,0.0
2026-06-21,DULCES,0.0
2026-06-21,EMBUTIDOS,0.0
2026-06-21,GALLETAS Y BIZCOCHOS,36.0
2026-06-21,GASEOSAS,68.0
2026-06-21,GOLOSINAS,85.0
2026-06-21,HARINAS,0.0
2026-06-21,HELADOS,0.0
2026-06-21,HIGIENE FEMENINA,0.0
2026-06-21,HIGIENE PERSONAL,0.0
2026-06-21,INFUSIONES,0.0
2026-06-21,JUGOS Y BEBIDAS,0.0
2026-06-21,LÁCTEOS,0.0
2026-06-21,MENESTRAS,0.0
2026-06-21,PANIFICADOS,0.0
2026-06-21,PAPEL HIGIÉNICO,0.0
2026-06-21,PASTAS,0.0
2026-06-21,PILAS Y BATERÍAS,0.0
2026-06-21,SNACKS,44.0
2026-06-21,SUAVIZANTES,0.0
2026-06-21,UNTABLES Y DULCES,0.0
2026-06-22,ABARROTES,0.0
2026-06-22,AGUA,36.0
2026-06-22,ALIMENTO PARA PERROS,0.0
2026-06-22,BEBIDAS ALCOHÓLICAS (RESTRINGIDO),0.0
2026-06-22,BEBIDAS EN POLVO,0.0
2026-06-22,BEBIDAS ENERGÉTICAS,0.0
2026-06-22,BEBIDAS ISOTÓNICAS,0.0
2026-06-22,CAFÉ,0.0
2026-06-22,CARNES Y EMBUTIDOS,0.0
2026-06-22,CEREALES,0.0
2026-06-22,CHOCOLATES,0.0
2026-06-22,CONDIMENTOS Y SALSAS,0.0
2026-06-22,CONSERVAS,0.0
2026-06-22,CUIDADO BUCAL,0.0
2026-06-22,CUIDADO CAPILAR,12.0
2026-06-22,CUIDADO DEL BEBÉ,0.0
2026-06-22,DESECHABLES Y PAPEL,0.0
2026-06-22,DETERGENTES,0.0
2026-06-22,DETERGENTES Y LIMPIEZA,0.0
2026-06-22,DULCES,0.0
2026-06-22,EMBUTIDOS,0.0
2026-06-22,GALLETAS Y BIZCOCHOS,14.0
2026-06-22,GASEOSAS,52.0
2026-06-22,GOLOSINAS,93.0
2026-06-22,HARINAS,0.0
2026-06-22,HELADOS,0.0
2026-06-22,HIGIENE FEMENINA,0.0
2026-06-22,HIGIENE PERSONAL,0.0
2026-06-22,INFUSIONES,0.0
2026-06-22,JUGOS Y BEBIDAS,0.0
2026-06-22,LÁCTEOS,19.0
2026-06-22,MENESTRAS,0.0
2026-06-22,PANIFICADOS,0.0
2026-06-22,PAPEL HIGIÉNICO,0.0
2026-06-22,PASTAS,0.0
2026-06-22,PILAS Y BATERÍAS,0.0
2026-06-22,SNACKS,125.0
2026-06-22,SUAVIZANTES,0.0
2026-06-22,UNTABLES Y DULCES,0.0
2026-06-23,ABARROTES,19.0
2026-06-23,AGUA,21.0
2026-06-23,ALIMENTO PARA PERROS,0.0
2026-06-23,BEBIDAS ALCOHÓLICAS (RESTRINGIDO),0.0
2026-06-23,BEBIDAS EN POLVO,0.0
2026-06-23,BEBIDAS ENERGÉTICAS,0.0
2026-06-23,BEBIDAS ISOTÓNICAS,0.0
2026-06-23,CAFÉ,0.0
2026-06-23,CARNES Y EMBUTIDOS,0.0
2026-06-23,CEREALES,0.0
2026-06-23,CHOCOLATES,0.0
2026-06-23,CONDIMENTOS Y SALSAS,0.0
2026-06-23,CONSERVAS,0.0
2026-06-23,CUIDADO BUCAL,0.0
2026-06-23,CUIDADO CAPILAR,0.0
2026-06-23,CUIDADO DEL BEBÉ,0.0
2026-06-23,DESECHABLES Y PAPEL,0.0
2026-06-23,DETERGENTES,0.0
2026-06-23,DETERGENTES Y LIMPIEZA,0.0
2026-06-23,DULCES,0.0
2026-06-23,EMBUTIDOS,0.0
2026-06-23,GALLETAS Y BIZCOCHOS,48.0
2026-06-23,GASEOSAS,72.0
2026-06-23,GOLOSINAS,52.0
2026-06-23,HARINAS,0.0
2026-06-23,HELADOS,0.0
2026-06-23,HIGIENE FEMENINA,0.0
2026-06-23,HIGIENE PERSONAL,0.0
2026-06-23,INFUSIONES,0.0
2026-06-23,JUGOS Y BEBIDAS,0.0
2026-06-23,LÁCTEOS,0.0
2026-06-23,MENESTRAS,0.0
2026-06-23,PANIFICADOS,0.0
2026-06-23,PAPEL HIGIÉNICO,0.0
2026-06-23,PASTAS,0.0
2026-06-23,PILAS Y BATERÍAS,0.0
2026-06-23,SNACKS,66.0
2026-06-23,SUAVIZANTES,0.0
2026-06-23,UNTABLES Y DULCES,0.0
2026-06-24,ABARROTES,21.0
2026-06-24,AGUA,0.0
2026-06-24,ALIMENTO PARA PERROS,0.0
2026-06-24,BEBIDAS ALCOHÓLICAS (RESTRINGIDO),0.0
2026-06-24,BEBIDAS EN POLVO,0.0
2026-06-24,BEBIDAS ENERGÉTICAS,0.0
2026-06-24,BEBIDAS ISOTÓNICAS,0.0
2026-06-24,CAFÉ,0.0
2026-06-24,CARNES Y EMBUTIDOS,0.0
2026-06-24,CEREALES,0.0
2026-06-24,CHOCOLATES,38.0
2026-06-24,CONDIMENTOS Y SALSAS,0.0
2026-06-24,CONSERVAS,0.0
2026-06-24,CUIDADO BUCAL,0.0
2026-06-24,CUIDADO CAPILAR,0.0
2026-06-24,CUIDADO DEL BEBÉ,0.0
2026-06-24,DESECHABLES Y PAPEL,19.0
2026-06-24,DETERGENTES,0.0
2026-06-24,DETERGENTES Y LIMPIEZA,24.0
2026-06-24,DULCES,0.0
2026-06-24,EMBUTIDOS,0.0
2026-06-24,GALLETAS Y BIZCOCHOS,45.0
2026-06-24,GASEOSAS,46.0
2026-06-24,GOLOSINAS,0.0
2026-06-24,HARINAS,0.0
2026-06-24,HELADOS,0.0
2026-06-24,HIGIENE FEMENINA,0.0
2026-06-24,HIGIENE PERSONAL,0.0
2026-06-24,INFUSIONES,0.0
2026-06-24,JUGOS Y BEBIDAS,0.0
2026-06-24,LÁCTEOS,40.0
2026-06-24,MENESTRAS,0.0
2026-06-24,PANIFICADOS,0.0
2026-06-24,PAPEL HIGIÉNICO,0.0
2026-06-24,PASTAS,0.0
2026-06-24,PILAS Y BATERÍAS,0.0
2026-06-24,SNACKS,0.0
2026-06-24,SUAVIZANTES,0.0
2026-06-24,UNTABLES Y DULCES,0.0
2026-06-25,ABARROTES,0.0
2026-06-25,AGUA,100.0
2026-06-25,ALIMENTO PARA PERROS,0.0
2026-06-25,BEBIDAS ALCOHÓLICAS (RESTRINGIDO),0.0
2026-06-25,BEBIDAS EN POLVO,0.0
2026-06-25,BEBIDAS ENERGÉTICAS,0.0
2026-06-25,BEBIDAS ISOTÓNICAS,0.0
2026-06-25,CAFÉ,0.0
2026-06-25,CARNES Y EMBUTIDOS,14.0
2026-06-25,CEREALES,0.0
2026-06-25,CHOCOLATES,24.0
2026-06-25,CONDIMENTOS Y SALSAS,0.0
2026-06-25,CONSERVAS,0.0
2026-06-25,CUIDADO BUCAL,0.0
2026-06-25,CUIDADO CAPILAR,0.0
2026-06-25,CUIDADO DEL BEBÉ,0.0
2026-06-25,DESECHABLES Y PAPEL,0.0
2026-06-25,DETERGENTES,0.0
2026-06-25,DETERGENTES Y LIMPIEZA,0.0
2026-06-25,DULCES,0.0
2026-06-25,EMBUTIDOS,0.0
2026-06-25,GALLETAS Y BIZCOCHOS,60.0
2026-06-25,GASEOSAS,18.0
2026-06-25,GOLOSINAS,43.0
2026-06-25,HARINAS,0.0
2026-06-25,HELADOS,0.0
2026-06-25,HIGIENE FEMENINA,0.0
2026-06-25,HIGIENE PERSONAL,0.0
2026-06-25,INFUSIONES,0.0
2026-06-25,JUGOS Y BEBIDAS,0.0
2026-06-25,LÁCTEOS,0.0
2026-06-25,MENESTRAS,0.0
2026-06-25,PANIFICADOS,0.0
2026-06-25,PAPEL HIGIÉNICO,0.0
2026-06-25,PASTAS,0.0
2026-06-25,PILAS Y BATERÍAS,0.0
2026-06-25,SNACKS,64.0
2026-06-25,SUAVIZANTES,0.0
2026-06-25,UNTABLES Y DULCES,0.0
2026-06-26,ABARROTES,2.0
2026-06-26,AGUA,0.0
2026-06-26,ALIMENTO PARA PERROS,0.0
2026-06-26,BEBIDAS ALCOHÓLICAS (RESTRINGIDO),0.0
2026-06-26,BEBIDAS EN POLVO,0.0
2026-06-26,BEBIDAS ENERGÉTICAS,0.0
2026-06-26,BEBIDAS ISOTÓNICAS,0.0
2026-06-26,CAFÉ,0.0
2026-06-26,CARNES Y EMBUTIDOS,0.0
2026-06-26,CEREALES,0.0
2026-06-26,CHOCOLATES,0.0
2026-06-26,CONDIMENTOS Y SALSAS,0.0
2026-06-26,CONSERVAS,0.0
2026-06-26,CUIDADO BUCAL,0.0
2026-06-26,CUIDADO CAPILAR,0.0
2026-06-26,CUIDADO DEL BEBÉ,0.0
2026-06-26,DESECHABLES Y PAPEL,0.0
2026-06-26,DETERGENTES,0.0
2026-06-26,DETERGENTES Y LIMPIEZA,11.0
2026-06-26,DULCES,0.0
2026-06-26,EMBUTIDOS,0.0
2026-06-26,GALLETAS Y BIZCOCHOS,0.0
2026-06-26,GASEOSAS,18.0
2026-06-26,GOLOSINAS,74.0
2026-06-26,HARINAS,0.0
2026-06-26,HELADOS,0.0
2026-06-26,HIGIENE FEMENINA,0.0
2026-06-26,HIGIENE PERSONAL,11.0
2026-06-26,INFUSIONES,0.0
2026-06-26,JUGOS Y BEBIDAS,0.0
2026-06-26,LÁCTEOS,0.0
2026-06-26,MENESTRAS,0.0
2026-06-26,PANIFICADOS,0.0
2026-06-26,PAPEL HIGIÉNICO,0.0
2026-06-26,PASTAS,0.0
2026-06-26,PILAS Y BATERÍAS,0.0
2026-06-26,SNACKS,0.0
2026-06-26,SUAVIZANTES,0.0
2026-06-26,UNTABLES Y DULCES,0.0
2026-06-27,ABARROTES,0.0
2026-06-27,AGUA,273.0
2026-06-27,ALIMENTO PARA PERROS,0.0
2026-06-27,BEBIDAS ALCOHÓLICAS (RESTRINGIDO),0.0
2026-06-27,BEBIDAS EN POLVO,0.0
2026-06-27,BEBIDAS ENERGÉTICAS,0.0
2026-06-27,BEBIDAS ISOTÓNICAS,0.0
2026-06-27,CAFÉ,0.0
2026-06-27,CARNES Y EMBUTIDOS,0.0
2026-06-27,CEREALES,0.0
2026-06-27,CHOCOLATES,0.0
2026-06-27,CONDIMENTOS Y SALSAS,0.0
2026-06-27,CONSERVAS,0.0
2026-06-27,CUIDADO BUCAL,0.0
2026-06-27,CUIDADO CAPILAR,8.0
2026-06-27,CUIDADO DEL BEBÉ,0.0
2026-06-27,DESECHABLES Y PAPEL,0.0
2026-06-27,DETERGENTES,0.0
2026-06-27,DETERGENTES Y LIMPIEZA,0.0
2026-06-27,DULCES,0.0
2026-06-27,EMBUTIDOS,0.0
2026-06-27,GALLETAS Y BIZCOCHOS,18.0
2026-06-27,GASEOSAS,516.0
2026-06-27,GOLOSINAS,91.0
2026-06-27,HARINAS,0.0
2026-06-27,HELADOS,0.0
2026-06-27,HIGIENE FEMENINA,0.0
2026-06-27,HIGIENE PERSONAL,0.0
2026-06-27,INFUSIONES,0.0
2026-06-27,JUGOS Y BEBIDAS,0.0
2026-06-27,LÁCTEOS,24.0
2026-06-27,MENESTRAS,0.0
2026-06-27,PANIFICADOS,0.0
2026-06-27,PAPEL HIGIÉNICO,0.0
2026-06-27,PASTAS,0.0
2026-06-27,PILAS Y BATERÍAS,0.0
2026-06-27,SNACKS,8.0
2026-06-27,SUAVIZANTES,0.0
2026-06-27,UNTABLES Y DULCES,0.0
2026-06-28,ABARROTES,25.0
2026-06-28,AGUA,83.0
2026-06-28,ALIMENTO PARA PERROS,0.0
2026-06-28,BEBIDAS ALCOHÓLICAS (RESTRINGIDO),0.0
2026-06-28,BEBIDAS EN POLVO,0.0
2026-06-28,BEBIDAS ENERGÉTICAS,0.0
2026-06-28,BEBIDAS ISOTÓNICAS,0.0
2026-06-28,CAFÉ,0.0
2026-06-28,CARNES Y EMBUTIDOS,0.0
2026-06-28,CEREALES,0.0
2026-06-28,CHOCOLATES,0.0
2026-06-28,CONDIMENTOS Y SALSAS,0.0
2026-06-28,CONSERVAS,0.0
2026-06-28,CUIDADO BUCAL,0.0
2026-06-28,CUIDADO CAPILAR,0.0
2026-06-28,CUIDADO DEL BEBÉ,0.0
2026-06-28,DESECHABLES Y PAPEL,0.0
2026-06-28,DETERGENTES,0.0
2026-06-28,DETERGENTES Y LIMPIEZA,5.0
2026-06-28,DULCES,0.0
2026-06-28,EMBUTIDOS,0.0
2026-06-28,GALLETAS Y BIZCOCHOS,6.0
2026-06-28,GASEOSAS,264.0
2026-06-28,GOLOSINAS,198.0
2026-06-28,HARINAS,0.0
2026-06-28,HELADOS,6.0
2026-06-28,HIGIENE FEMENINA,0.0
2026-06-28,HIGIENE PERSONAL,0.0
2026-06-28,INFUSIONES,0.0
2026-06-28,JUGOS Y BEBIDAS,0.0
2026-06-28,LÁCTEOS,7.0
2026-06-28,MENESTRAS,0.0
2026-06-28,PANIFICADOS,0.0
2026-06-28,PAPEL HIGIÉNICO,0.0
2026-06-28,PASTAS,0.0
2026-06-28,PILAS Y BATERÍAS,0.0
2026-06-28,SNACKS,0.0
2026-06-28,SUAVIZANTES,0.0
2026-06-28,UNTABLES Y DULCES,0.0
2026-06-29,ABARROTES,14.0
2026-06-29,AGUA,32.0
2026-06-29,ALIMENTO PARA PERROS,0.0
2026-06-29,BEBIDAS ALCOHÓLICAS (RESTRINGIDO),0.0
2026-06-29,BEBIDAS EN POLVO,0.0
2026-06-29,BEBIDAS ENERGÉTICAS,0.0
2026-06-29,BEBIDAS ISOTÓNICAS,0.0
2026-06-29,CAFÉ,17.0
2026-06-29,CARNES Y EMBUTIDOS,0.0
2026-06-29,CEREALES,0.0
2026-06-29,CHOCOLATES,0.0
2026-06-29,CONDIMENTOS Y SALSAS,0.0
2026-06-29,CONSERVAS,0.0
2026-06-29,CUIDADO BUCAL,0.0
2026-06-29,CUIDADO CAPILAR,0.0
2026-06-29,CUIDADO DEL BEBÉ,0.0
2026-06-29,DESECHABLES Y PAPEL,0.0
2026-06-29,DETERGENTES,0.0
2026-06-29,DETERGENTES Y LIMPIEZA,24.0
2026-06-29,DULCES,0.0
2026-06-29,EMBUTIDOS,0.0
2026-06-29,GALLETAS Y BIZCOCHOS,0.0
2026-06-29,GASEOSAS,64.0
2026-06-29,GOLOSINAS,33.0
2026-06-29,HARINAS,0.0
2026-06-29,HELADOS,0.0
2026-06-29,HIGIENE FEMENINA,0.0
2026-06-29,HIGIENE PERSONAL,0.0
2026-06-29,INFUSIONES,0.0
2026-06-29,JUGOS Y BEBIDAS,0.0
2026-06-29,LÁCTEOS,0.0
2026-06-29,MENESTRAS,0.0
2026-06-29,PANIFICADOS,0.0
2026-06-29,PAPEL HIGIÉNICO,0.0
2026-06-29,PASTAS,0.0
2026-06-29,PILAS Y BATERÍAS,0.0
2026-06-29,SNACKS,0.0
2026-06-29,SUAVIZANTES,0.0
2026-06-29,UNTABLES Y DULCES,0.0
2026-06-30,ABARROTES,0.0
2026-06-30,AGUA,0.0
2026-06-30,ALIMENTO PARA PERROS,0.0
2026-06-30,BEBIDAS ALCOHÓLICAS (RESTRINGIDO),0.0
2026-06-30,BEBIDAS EN POLVO,0.0
2026-06-30,BEBIDAS ENERGÉTICAS,0.0
2026-06-30,BEBIDAS ISOTÓNICAS,0.0
2026-06-30,CAFÉ,0.0
2026-06-30,CARNES Y EMBUTIDOS,0.0
2026-06-30,CEREALES,0.0
2026-06-30,CHOCOLATES,0.0
2026-06-30,CONDIMENTOS Y SALSAS,0.0
2026-06-30,CONSERVAS,0.0
2026-06-30,CUIDADO BUCAL,0.0
2026-06-30,CUIDADO CAPILAR,0.0
2026-06-30,CUIDADO DEL BEBÉ,0.0
2026-06-30,DESECHABLES Y PAPEL,0.0
2026-06-30,DETERGENTES,0.0
2026-06-30,DETERGENTES Y LIMPIEZA,0.0
2026-06-30,DULCES,0.0
2026-06-30,EMBUTIDOS,0.0
2026-06-30,GALLETAS Y BIZCOCHOS,0.0
2026-06-30,GASEOSAS,136.0
2026-06-30,GOLOSINAS,18.0
2026-06-30,HARINAS,0.0
2026-06-30,HELADOS,5.0
2026-06-30,HIGIENE FEMENINA,0.0
2026-06-30,HIGIENE PERSONAL,0.0
2026-06-30,INFUSIONES,0.0
2026-06-30,JUGOS Y BEBIDAS,0.0
2026-06-30,LÁCTEOS,0.0
2026-06-30,MENESTRAS,0.0
2026-06-30,PANIFICADOS,0.0
2026-06-30,PAPEL HIGIÉNICO,0.0
2026-06-30,PASTAS,0.0
2026-06-30,PILAS Y BATERÍAS,0.0
2026-06-30,SNACKS,0.0
2026-06-30,SUAVIZANTES,4.0
2026-06-30,UNTABLES Y DULCES,0.0
2026-07-01,ABARROTES,25.0
2026-07-01,AGUA,16.0
2026-07-01,ALIMENTO PARA PERROS,0.0
2026-07-01,BEBIDAS ALCOHÓLICAS (RESTRINGIDO),0.0
2026-07-01,BEBIDAS EN POLVO,0.0
2026-07-01,BEBIDAS ENERGÉTICAS,0.0
2026-07-01,BEBIDAS ISOTÓNICAS,0.0
2026-07-01,CAFÉ,0.0
2026-07-01,CARNES Y EMBUTIDOS,0.0
2026-07-01,CEREALES,0.0
2026-07-01,CHOCOLATES,0.0
2026-07-01,CONDIMENTOS Y SALSAS,0.0
2026-07-01,CONSERVAS,0.0
2026-07-01,CUIDADO BUCAL,0.0
2026-07-01,CUIDADO CAPILAR,0.0
2026-07-01,CUIDADO DEL BEBÉ,0.0
2026-07-01,DESECHABLES Y PAPEL,0.0
2026-07-01,DETERGENTES,0.0
2026-07-01,DETERGENTES Y LIMPIEZA,0.0
2026-07-01,DULCES,0.0
2026-07-01,EMBUTIDOS,0.0
2026-07-01,GALLETAS Y BIZCOCHOS,4.0
2026-07-01,GASEOSAS,39.0
2026-07-01,GOLOSINAS,44.0
2026-07-01,HARINAS,0.0
2026-07-01,HELADOS,10.0
2026-07-01,HIGIENE FEMENINA,0.0
2026-07-01,HIGIENE PERSONAL,0.0
2026-07-01,INFUSIONES,0.0
2026-07-01,JUGOS Y BEBIDAS,0.0
2026-07-01,LÁCTEOS,14.0
2026-07-01,MENESTRAS,0.0
2026-07-01,PANIFICADOS,0.0
2026-07-01,PAPEL HIGIÉNICO,0.0
2026-07-01,PASTAS,0.0
2026-07-01,PILAS Y BATERÍAS,0.0
2026-07-01,SNACKS,43.0
2026-07-01,SUAVIZANTES,0.0
2026-07-01,UNTABLES Y DULCES,0.0
2026-07-02,ABARROTES,15.0
2026-07-02,AGUA,19.0
2026-07-02,ALIMENTO PARA PERROS,0.0
2026-07-02,BEBIDAS ALCOHÓLICAS (RESTRINGIDO),0.0
2026-07-02,BEBIDAS EN POLVO,0.0
2026-07-02,BEBIDAS ENERGÉTICAS,0.0
2026-07-02,BEBIDAS ISOTÓNICAS,0.0
2026-07-02,CAFÉ,0.0
2026-07-02,CARNES Y EMBUTIDOS,0.0
2026-07-02,CEREALES,0.0
2026-07-02,CHOCOLATES,0.0
2026-07-02,CONDIMENTOS Y SALSAS,0.0
2026-07-02,CONSERVAS,0.0
2026-07-02,CUIDADO BUCAL,0.0
2026-07-02,CUIDADO CAPILAR,4.0
2026-07-02,CUIDADO DEL BEBÉ,0.0
2026-07-02,DESECHABLES Y PAPEL,0.0
2026-07-02,DETERGENTES,0.0
2026-07-02,DETERGENTES Y LIMPIEZA,3.0
2026-07-02,DULCES,0.0
2026-07-02,EMBUTIDOS,0.0
2026-07-02,GALLETAS Y BIZCOCHOS,0.0
2026-07-02,GASEOSAS,140.0
2026-07-02,GOLOSINAS,65.0
2026-07-02,HARINAS,0.0
2026-07-02,HELADOS,0.0
2026-07-02,HIGIENE FEMENINA,0.0
2026-07-02,HIGIENE PERSONAL,0.0
2026-07-02,INFUSIONES,0.0
2026-07-02,JUGOS Y BEBIDAS,0.0
2026-07-02,LÁCTEOS,11.0
2026-07-02,MENESTRAS,0.0
2026-07-02,PANIFICADOS,0.0
2026-07-02,PAPEL HIGIÉNICO,0.0
2026-07-02,PASTAS,0.0
2026-07-02,PILAS Y BATERÍAS,0.0
2026-07-02,SNACKS,64.0
2026-07-02,SUAVIZANTES,0.0
2026-07-02,UNTABLES Y DULCES,0.0
2026-07-03,ABARROTES,57.0
2026-07-03,AGUA,0.0
2026-07-03,ALIMENTO PARA PERROS,0.0
2026-07-03,BEBIDAS ALCOHÓLICAS (RESTRINGIDO),0.0
2026-07-03,BEBIDAS EN POLVO,0.0
2026-07-03,BEBIDAS ENERGÉTICAS,0.0
2026-07-03,BEBIDAS ISOTÓNICAS,0.0
2026-07-03,CAFÉ,0.0
2026-07-03,CARNES Y EMBUTIDOS,0.0
2026-07-03,CEREALES,0.0
2026-07-03,CHOCOLATES,0.0
2026-07-03,CONDIMENTOS Y SALSAS,0.0
2026-07-03,CONSERVAS,0.0
2026-07-03,CUIDADO BUCAL,0.0
2026-07-03,CUIDADO CAPILAR,0.0
2026-07-03,CUIDADO DEL BEBÉ,0.0
2026-07-03,DESECHABLES Y PAPEL,0.0
2026-07-03,DETERGENTES,0.0
2026-07-03,DETERGENTES Y LIMPIEZA,0.0
2026-07-03,DULCES,0.0
2026-07-03,EMBUTIDOS,0.0
2026-07-03,GALLETAS Y BIZCOCHOS,71.0
2026-07-03,GASEOSAS,92.0
2026-07-03,GOLOSINAS,7.0
2026-07-03,HARINAS,0.0
2026-07-03,HELADOS,0.0
2026-07-03,HIGIENE FEMENINA,0.0
2026-07-03,HIGIENE PERSONAL,0.0
2026-07-03,INFUSIONES,0.0
2026-07-03,JUGOS Y BEBIDAS,0.0
2026-07-03,LÁCTEOS,0.0
2026-07-03,MENESTRAS,0.0
2026-07-03,PANIFICADOS,0.0
2026-07-03,PAPEL HIGIÉNICO,0.0
2026-07-03,PASTAS,0.0
2026-07-03,PILAS Y BATERÍAS,0.0
2026-07-03,SNACKS,102.0
2026-07-03,SUAVIZANTES,0.0
2026-07-03,UNTABLES Y DULCES,0.0
2026-07-04,ABARROTES,27.0
2026-07-04,AGUA,0.0
2026-07-04,ALIMENTO PARA PERROS,0.0
2026-07-04,BEBIDAS ALCOHÓLICAS (RESTRINGIDO),0.0
2026-07-04,BEBIDAS EN POLVO,0.0
2026-07-04,BEBIDAS ENERGÉTICAS,0.0
2026-07-04,BEBIDAS ISOTÓNICAS,0.0
2026-07-04,CAFÉ,0.0
2026-07-04,CARNES Y EMBUTIDOS,0.0
2026-07-04,CEREALES,0.0
2026-07-04,CHOCOLATES,0.0
2026-07-04,CONDIMENTOS Y SALSAS,0.0
2026-07-04,CONSERVAS,0.0
2026-07-04,CUIDADO BUCAL,0.0
2026-07-04,CUIDADO CAPILAR,10.0
2026-07-04,CUIDADO DEL BEBÉ,3.0
2026-07-04,DESECHABLES Y PAPEL,2.0
2026-07-04,DETERGENTES,0.0
2026-07-04,DETERGENTES Y LIMPIEZA,18.0
2026-07-04,DULCES,0.0
2026-07-04,EMBUTIDOS,0.0
2026-07-04,GALLETAS Y BIZCOCHOS,0.0
2026-07-04,GASEOSAS,150.0
2026-07-04,GOLOSINAS,262.0
2026-07-04,HARINAS,0.0
2026-07-04,HELADOS,0.0
2026-07-04,HIGIENE FEMENINA,0.0
2026-07-04,HIGIENE PERSONAL,0.0
2026-07-04,INFUSIONES,0.0
2026-07-04,JUGOS Y BEBIDAS,0.0
2026-07-04,LÁCTEOS,22.0
2026-07-04,MENESTRAS,0.0
2026-07-04,PANIFICADOS,0.0
2026-07-04,PAPEL HIGIÉNICO,0.0
2026-07-04,PASTAS,0.0
2026-07-04,PILAS Y BATERÍAS,0.0
2026-07-04,SNACKS,110.0
2026-07-04,SUAVIZANTES,0.0
2026-07-04,UNTABLES Y DULCES,0.0
2026-07-05,ABARROTES,25.0
2026-07-05,AGUA,378.0
2026-07-05,ALIMENTO PARA PERROS,0.0
2026-07-05,BEBIDAS ALCOHÓLICAS (RESTRINGIDO),0.0
2026-07-05,BEBIDAS EN POLVO,0.0
2026-07-05,BEBIDAS ENERGÉTICAS,0.0
2026-07-05,BEBIDAS ISOTÓNICAS,7.0
2026-07-05,CAFÉ,0.0
2026-07-05,CARNES Y EMBUTIDOS,0.0
2026-07-05,CEREALES,0.0
2026-07-05,CHOCOLATES,0.0
2026-07-05,CONDIMENTOS Y SALSAS,0.0
2026-07-05,CONSERVAS,0.0
2026-07-05,CUIDADO BUCAL,0.0
2026-07-05,CUIDADO CAPILAR,0.0
2026-07-05,CUIDADO DEL BEBÉ,0.0
2026-07-05,DESECHABLES Y PAPEL,0.0
2026-07-05,DETERGENTES,0.0
2026-07-05,DETERGENTES Y LIMPIEZA,0.0
2026-07-05,DULCES,0.0
2026-07-05,EMBUTIDOS,0.0
2026-07-05,GALLETAS Y BIZCOCHOS,52.0
2026-07-05,GASEOSAS,211.0
2026-07-05,GOLOSINAS,268.0
2026-07-05,HARINAS,0.0
2026-07-05,HELADOS,0.0
2026-07-05,HIGIENE FEMENINA,0.0
2026-07-05,HIGIENE PERSONAL,0.0
2026-07-05,INFUSIONES,0.0
2026-07-05,JUGOS Y BEBIDAS,0.0
2026-07-05,LÁCTEOS,0.0
2026-07-05,MENESTRAS,0.0
2026-07-05,PANIFICADOS,0.0
2026-07-05,PAPEL HIGIÉNICO,0.0
2026-07-05,PASTAS,0.0
2026-07-05,PILAS Y BATERÍAS,0.0
2026-07-05,SNACKS,164.0
2026-07-05,SUAVIZANTES,0.0
2026-07-05,UNTABLES Y DULCES,0.0
2026-07-06,ABARROTES,19.0
2026-07-06,AGUA,0.0
2026-07-06,ALIMENTO PARA PERROS,0.0
2026-07-06,BEBIDAS ALCOHÓLICAS (RESTRINGIDO),0.0
2026-07-06,BEBIDAS EN POLVO,0.0
2026-07-06,BEBIDAS ENERGÉTICAS,0.0
2026-07-06,BEBIDAS ISOTÓNICAS,0.0
2026-07-06,CAFÉ,0.0
2026-07-06,CARNES Y EMBUTIDOS,0.0
2026-07-06,CEREALES,0.0
2026-07-06,CHOCOLATES,0.0
2026-07-06,CONDIMENTOS Y SALSAS,0.0
2026-07-06,CONSERVAS,0.0
2026-07-06,CUIDADO BUCAL,6.0
2026-07-06,CUIDADO CAPILAR,0.0
2026-07-06,CUIDADO DEL BEBÉ,0.0
2026-07-06,DESECHABLES Y PAPEL,0.0
2026-07-06,DETERGENTES,0.0
2026-07-06,DETERGENTES Y LIMPIEZA,15.0
2026-07-06,DULCES,0.0
2026-07-06,EMBUTIDOS,0.0
2026-07-06,GALLETAS Y BIZCOCHOS,0.0
2026-07-06,GASEOSAS,35.0
2026-07-06,GOLOSINAS,0.0
2026-07-06,HARINAS,0.0
2026-07-06,HELADOS,0.0
2026-07-06,HIGIENE FEMENINA,0.0
2026-07-06,HIGIENE PERSONAL,0.0
2026-07-06,INFUSIONES,0.0
2026-07-06,JUGOS Y BEBIDAS,0.0
2026-07-06,LÁCTEOS,13.0
2026-07-06,MENESTRAS,0.0
2026-07-06,PANIFICADOS,0.0
2026-07-06,PAPEL HIGIÉNICO,0.0
2026-07-06,PASTAS,0.0
2026-07-06,PILAS Y BATERÍAS,0.0
2026-07-06,SNACKS,0.0
2026-07-06,SUAVIZANTES,0.0
2026-07-06,UNTABLES Y DULCES,0.0
2026-07-07,ABARROTES,74.0
2026-07-07,AGUA,81.0
2026-07-07,ALIMENTO PARA PERROS,0.0
2026-07-07,BEBIDAS ALCOHÓLICAS (RESTRINGIDO),0.0
2026-07-07,BEBIDAS EN POLVO,0.0
2026-07-07,BEBIDAS ENERGÉTICAS,13.0
2026-07-07,BEBIDAS ISOTÓNICAS,0.0
2026-07-07,CAFÉ,0.0
2026-07-07,CARNES Y EMBUTIDOS,0.0
2026-07-07,CEREALES,0.0
2026-07-07,CHOCOLATES,46.0
2026-07-07,CONDIMENTOS Y SALSAS,0.0
2026-07-07,CONSERVAS,0.0
2026-07-07,CUIDADO BUCAL,0.0
2026-07-07,CUIDADO CAPILAR,0.0
2026-07-07,CUIDADO DEL BEBÉ,0.0
2026-07-07,DESECHABLES Y PAPEL,0.0
2026-07-07,DETERGENTES,0.0
2026-07-07,DETERGENTES Y LIMPIEZA,0.0
2026-07-07,DULCES,0.0
2026-07-07,EMBUTIDOS,0.0
2026-07-07,GALLETAS Y BIZCOCHOS,0.0
2026-07-07,GASEOSAS,17.0
2026-07-07,GOLOSINAS,119.0
2026-07-07,HARINAS,0.0
2026-07-07,HELADOS,0.0
2026-07-07,HIGIENE FEMENINA,0.0
2026-07-07,HIGIENE PERSONAL,0.0
2026-07-07,INFUSIONES,0.0
2026-07-07,JUGOS Y BEBIDAS,0.0
2026-07-07,LÁCTEOS,20.0
2026-07-07,MENESTRAS,0.0
2026-07-07,PANIFICADOS,0.0
2026-07-07,PAPEL HIGIÉNICO,0.0
2026-07-07,PASTAS,0.0
2026-07-07,PILAS Y BATERÍAS,0.0
2026-07-07,SNACKS,0.0
2026-07-07,SUAVIZANTES,0.0
2026-07-07,UNTABLES Y DULCES,0.0
2026-07-08,ABARROTES,0.0
2026-07-08,AGUA,0.0
2026-07-08,ALIMENTO PARA PERROS,0.0
2026-07-08,BEBIDAS ALCOHÓLICAS (RESTRINGIDO),0.0
2026-07-08,BEBIDAS EN POLVO,0.0
2026-07-08,BEBIDAS ENERGÉTICAS,0.0
2026-07-08,BEBIDAS ISOTÓNICAS,0.0
2026-07-08,CAFÉ,0.0
2026-07-08,CARNES Y EMBUTIDOS,0.0
2026-07-08,CEREALES,0.0
2026-07-08,CHOCOLATES,35.0
2026-07-08,CONDIMENTOS Y SALSAS,0.0
2026-07-08,CONSERVAS,0.0
2026-07-08,CUIDADO BUCAL,0.0
2026-07-08,CUIDADO CAPILAR,0.0
2026-07-08,CUIDADO DEL BEBÉ,0.0
2026-07-08,DESECHABLES Y PAPEL,0.0
2026-07-08,DETERGENTES,0.0
2026-07-08,DETERGENTES Y LIMPIEZA,0.0
2026-07-08,DULCES,0.0
2026-07-08,EMBUTIDOS,0.0
2026-07-08,GALLETAS Y BIZCOCHOS,37.0
2026-07-08,GASEOSAS,0.0
2026-07-08,GOLOSINAS,92.0
2026-07-08,HARINAS,0.0
2026-07-08,HELADOS,0.0
2026-07-08,HIGIENE FEMENINA,0.0
2026-07-08,HIGIENE PERSONAL,0.0
2026-07-08,INFUSIONES,0.0
2026-07-08,JUGOS Y BEBIDAS,0.0
2026-07-08,LÁCTEOS,0.0
2026-07-08,MENESTRAS,0.0
2026-07-08,PANIFICADOS,0.0
2026-07-08,PAPEL HIGIÉNICO,0.0
2026-07-08,PASTAS,0.0
2026-07-08,PILAS Y BATERÍAS,0.0
2026-07-08,SNACKS,47.0
2026-07-08,SUAVIZANTES,0.0
2026-07-08,UNTABLES Y DULCES,7.0
2026-07-09,ABARROTES,44.0
2026-07-09,AGUA,27.0
2026-07-09,ALIMENTO PARA PERROS,0.0
2026-07-09,BEBIDAS ALCOHÓLICAS (RESTRINGIDO),0.0
2026-07-09,BEBIDAS EN POLVO,0.0
2026-07-09,BEBIDAS ENERGÉTICAS,0.0
2026-07-09,BEBIDAS ISOTÓNICAS,0.0
2026-07-09,CAFÉ,0.0
2026-07-09,CARNES Y EMBUTIDOS,0.0
2026-07-09,CEREALES,0.0
2026-07-09,CHOCOLATES,0.0
2026-07-09,CONDIMENTOS Y SALSAS,0.0
2026-07-09,CONSERVAS,0.0
2026-07-09,CUIDADO BUCAL,19.0
2026-07-09,CUIDADO CAPILAR,0.0
2026-07-09,CUIDADO DEL BEBÉ,0.0
2026-07-09,DESECHABLES Y PAPEL,0.0
2026-07-09,DETERGENTES,0.0
2026-07-09,DETERGENTES Y LIMPIEZA,0.0
2026-07-09,DULCES,0.0
2026-07-09,EMBUTIDOS,0.0
2026-07-09,GALLETAS Y BIZCOCHOS,61.0
2026-07-09,GASEOSAS,49.0
2026-07-09,GOLOSINAS,120.0
2026-07-09,HARINAS,0.0
2026-07-09,HELADOS,0.0
2026-07-09,HIGIENE FEMENINA,0.0
2026-07-09,HIGIENE PERSONAL,0.0
2026-07-09,INFUSIONES,0.0
2026-07-09,JUGOS Y BEBIDAS,0.0
2026-07-09,LÁCTEOS,12.0
2026-07-09,MENESTRAS,0.0
2026-07-09,PANIFICADOS,0.0
2026-07-09,PAPEL HIGIÉNICO,0.0
2026-07-09,PASTAS,0.0
2026-07-09,PILAS Y BATERÍAS,0.0
2026-07-09,SNACKS,36.0
2026-07-09,SUAVIZANTES,0.0
2026-07-09,UNTABLES Y DULCES,0.0
2026-07-10,ABARROTES,0.0
2026-07-10,AGUA,234.0
2026-07-10,ALIMENTO PARA PERROS,0.0
2026-07-10,BEBIDAS ALCOHÓLICAS (RESTRINGIDO),0.0
2026-07-10,BEBIDAS EN POLVO,0.0
2026-07-10,BEBIDAS ENERGÉTICAS,0.0
2026-07-10,BEBIDAS ISOTÓNICAS,0.0
2026-07-10,CAFÉ,0.0
2026-07-10,CARNES Y EMBUTIDOS,0.0
2026-07-10,CEREALES,0.0
2026-07-10,CHOCOLATES,0.0
2026-07-10,CONDIMENTOS Y SALSAS,0.0
2026-07-10,CONSERVAS,0.0
2026-07-10,CUIDADO BUCAL,0.0
2026-07-10,CUIDADO CAPILAR,0.0
2026-07-10,CUIDADO DEL BEBÉ,0.0
2026-07-10,DESECHABLES Y PAPEL,0.0
2026-07-10,DETERGENTES,0.0
2026-07-10,DETERGENTES Y LIMPIEZA,0.0
2026-07-10,DULCES,0.0
2026-07-10,EMBUTIDOS,0.0
2026-07-10,GALLETAS Y BIZCOCHOS,48.0
2026-07-10,GASEOSAS,45.0
2026-07-10,GOLOSINAS,55.0
2026-07-10,HARINAS,0.0
2026-07-10,HELADOS,0.0
2026-07-10,HIGIENE FEMENINA,0.0
2026-07-10,HIGIENE PERSONAL,1.0
2026-07-10,INFUSIONES,0.0
2026-07-10,JUGOS Y BEBIDAS,0.0
2026-07-10,LÁCTEOS,17.0
2026-07-10,MENESTRAS,0.0
2026-07-10,PANIFICADOS,0.0
2026-07-10,PAPEL HIGIÉNICO,0.0
2026-07-10,PASTAS,0.0
2026-07-10,PILAS Y BATERÍAS,0.0
2026-07-10,SNACKS,0.0
2026-07-10,SUAVIZANTES,0.0
2026-07-10,UNTABLES Y DULCES,0.0
2026-07-11,ABARROTES,11.0
2026-07-11,AGUA,0.0
2026-07-11,ALIMENTO PARA PERROS,0.0
2026-07-11,BEBIDAS ALCOHÓLICAS (RESTRINGIDO),0.0
2026-07-11,BEBIDAS EN POLVO,0.0
2026-07-11,BEBIDAS ENERGÉTICAS,0.0
2026-07-11,BEBIDAS ISOTÓNICAS,18.0
2026-07-11,CAFÉ,0.0
2026-07-11,CARNES Y EMBUTIDOS,0.0
2026-07-11,CEREALES,0.0
2026-07-11,CHOCOLATES,0.0
2026-07-11,CONDIMENTOS Y SALSAS,0.0
2026-07-11,CONSERVAS,0.0
2026-07-11,CUIDADO BUCAL,0.0
2026-07-11,CUIDADO CAPILAR,4.0
2026-07-11,CUIDADO DEL BEBÉ,0.0
2026-07-11,DESECHABLES Y PAPEL,0.0
2026-07-11,DETERGENTES,0.0
2026-07-11,DETERGENTES Y LIMPIEZA,0.0
2026-07-11,DULCES,0.0
2026-07-11,EMBUTIDOS,0.0
2026-07-11,GALLETAS Y BIZCOCHOS,66.0
2026-07-11,GASEOSAS,0.0
2026-07-11,GOLOSINAS,0.0
2026-07-11,HARINAS,0.0
2026-07-11,HELADOS,0.0
2026-07-11,HIGIENE FEMENINA,0.0
2026-07-11,HIGIENE PERSONAL,8.0
2026-07-11,INFUSIONES,0.0
2026-07-11,JUGOS Y BEBIDAS,0.0
2026-07-11,LÁCTEOS,0.0
2026-07-11,MENESTRAS,0.0
2026-07-11,PANIFICADOS,0.0
2026-07-11,PAPEL HIGIÉNICO,0.0
2026-07-11,PASTAS,0.0
2026-07-11,PILAS Y BATERÍAS,0.0
2026-07-11,SNACKS,0.0
2026-07-11,SUAVIZANTES,0.0
2026-07-11,UNTABLES Y DULCES,0.0
2026-07-12,ABARROTES,0.0
2026-07-12,AGUA,23.0
2026-07-12,ALIMENTO PARA PERROS,0.0
2026-07-12,BEBIDAS ALCOHÓLICAS (RESTRINGIDO),0.0
2026-07-12,BEBIDAS EN POLVO,0.0
2026-07-12,BEBIDAS ENERGÉTICAS,0.0
2026-07-12,BEBIDAS ISOTÓNICAS,0.0
2026-07-12,CAFÉ,0.0
2026-07-12,CARNES Y EMBUTIDOS,0.0
2026-07-12,CEREALES,0.0
2026-07-12,CHOCOLATES,0.0
2026-07-12,CONDIMENTOS Y SALSAS,0.0
2026-07-12,CONSERVAS,0.0
2026-07-12,CUIDADO BUCAL,0.0
2026-07-12,CUIDADO CAPILAR,0.0
2026-07-12,CUIDADO DEL BEBÉ,0.0
2026-07-12,DESECHABLES Y PAPEL,0.0
2026-07-12,DETERGENTES,0.0
2026-07-12,DETERGENTES Y LIMPIEZA,0.0
2026-07-12,DULCES,0.0
2026-07-12,EMBUTIDOS,0.0
2026-07-12,GALLETAS Y BIZCOCHOS,83.0
2026-07-12,GASEOSAS,120.0
2026-07-12,GOLOSINAS,375.0
2026-07-12,HARINAS,0.0
2026-07-12,HELADOS,0.0
2026-07-12,HIGIENE FEMENINA,0.0
2026-07-12,HIGIENE PERSONAL,0.0
2026-07-12,INFUSIONES,0.0
2026-07-12,JUGOS Y BEBIDAS,0.0
2026-07-12,LÁCTEOS,0.0
2026-07-12,MENESTRAS,0.0
2026-07-12,PANIFICADOS,0.0
2026-07-12,PAPEL HIGIÉNICO,0.0
2026-07-12,PASTAS,0.0
2026-07-12,PILAS Y BATERÍAS,0.0
2026-07-12,SNACKS,96.0
2026-07-12,SUAVIZANTES,0.0
2026-07-12,UNTABLES Y DULCES,0.0
2026-07-13,ABARROTES,23.0
2026-07-13,AGUA,0.0
2026-07-13,ALIMENTO PARA PERROS,0.0
2026-07-13,BEBIDAS ALCOHÓLICAS (RESTRINGIDO),0.0
2026-07-13,BEBIDAS EN POLVO,0.0
2026-07-13,BEBIDAS ENERGÉTICAS,0.0
2026-07-13,BEBIDAS ISOTÓNICAS,0.0
2026-07-13,CAFÉ,0.0
2026-07-13,CARNES Y EMBUTIDOS,0.0
2026-07-13,CEREALES,0.0
2026-07-13,CHOCOLATES,27.0
2026-07-13,CONDIMENTOS Y SALSAS,0.0
2026-07-13,CONSERVAS,0.0
2026-07-13,CUIDADO BUCAL,0.0
2026-07-13,CUIDADO CAPILAR,9.0
2026-07-13,CUIDADO DEL BEBÉ,0.0
2026-07-13,DESECHABLES Y PAPEL,0.0
2026-07-13,DETERGENTES,0.0
2026-07-13,DETERGENTES Y LIMPIEZA,19.0
2026-07-13,DULCES,0.0
2026-07-13,EMBUTIDOS,0.0
2026-07-13,GALLETAS Y BIZCOCHOS,0.0
2026-07-13,GASEOSAS,128.0
2026-07-13,GOLOSINAS,69.0
2026-07-13,HARINAS,0.0
2026-07-13,HELADOS,0.0
2026-07-13,HIGIENE FEMENINA,0.0
2026-07-13,HIGIENE PERSONAL,0.0
2026-07-13,INFUSIONES,0.0
2026-07-13,JUGOS Y BEBIDAS,0.0
2026-07-13,LÁCTEOS,10.0
2026-07-13,MENESTRAS,0.0
2026-07-13,PANIFICADOS,0.0
2026-07-13,PAPEL HIGIÉNICO,0.0
2026-07-13,PASTAS,0.0
2026-07-13,PILAS Y BATERÍAS,0.0
2026-07-13,SNACKS,0.0
2026-07-13,SUAVIZANTES,0.0
2026-07-13,UNTABLES Y DULCES,13.0
2026-07-14,ABARROTES,20.0
2026-07-14,AGUA,214.0
2026-07-14,ALIMENTO PARA PERROS,0.0
2026-07-14,BEBIDAS ALCOHÓLICAS (RESTRINGIDO),0.0
2026-07-14,BEBIDAS EN POLVO,0.0
2026-07-14,BEBIDAS ENERGÉTICAS,0.0
2026-07-14,BEBIDAS ISOTÓNICAS,0.0
2026-07-14,CAFÉ,0.0
2026-07-14,CARNES Y EMBUTIDOS,0.0
2026-07-14,CEREALES,0.0
2026-07-14,CHOCOLATES,0.0
2026-07-14,CONDIMENTOS Y SALSAS,0.0
2026-07-14,CONSERVAS,0.0
2026-07-14,CUIDADO BUCAL,13.0
2026-07-14,CUIDADO CAPILAR,9.0
2026-07-14,CUIDADO DEL BEBÉ,0.0
2026-07-14,DESECHABLES Y PAPEL,0.0
2026-07-14,DETERGENTES,0.0
2026-07-14,DETERGENTES Y LIMPIEZA,0.0
2026-07-14,DULCES,0.0
2026-07-14,EMBUTIDOS,0.0
2026-07-14,GALLETAS Y BIZCOCHOS,0.0
2026-07-14,GASEOSAS,114.0
2026-07-14,GOLOSINAS,41.0
2026-07-14,HARINAS,0.0
2026-07-14,HELADOS,0.0
2026-07-14,HIGIENE FEMENINA,0.0
2026-07-14,HIGIENE PERSONAL,0.0
2026-07-14,INFUSIONES,0.0
2026-07-14,JUGOS Y BEBIDAS,0.0
2026-07-14,LÁCTEOS,13.0
2026-07-14,MENESTRAS,0.0
2026-07-14,PANIFICADOS,0.0
2026-07-14,PAPEL HIGIÉNICO,0.0
2026-07-14,PASTAS,0.0
2026-07-14,PILAS Y BATERÍAS,0.0
2026-07-14,SNACKS,43.0
2026-07-14,SUAVIZANTES,10.0
2026-07-14,UNTABLES Y DULCES,0.0
2026-07-15,ABARROTES,10.0
2026-07-15,AGUA,0.0
2026-07-15,ALIMENTO PARA PERROS,0.0
2026-07-15,BEBIDAS ALCOHÓLICAS (RESTRINGIDO),0.0
2026-07-15,BEBIDAS EN POLVO,0.0
2026-07-15,BEBIDAS ENERGÉTICAS,0.0
2026-07-15,BEBIDAS ISOTÓNICAS,0.0
2026-07-15,CAFÉ,0.0
2026-07-15,CARNES Y EMBUTIDOS,0.0
2026-07-15,CEREALES,0.0
2026-07-15,CHOCOLATES,0.0
2026-07-15,CONDIMENTOS Y SALSAS,0.0
2026-07-15,CONSERVAS,0.0
2026-07-15,CUIDADO BUCAL,0.0
2026-07-15,CUIDADO CAPILAR,0.0
2026-07-15,CUIDADO DEL BEBÉ,0.0
2026-07-15,DESECHABLES Y PAPEL,0.0
2026-07-15,DETERGENTES,0.0
2026-07-15,DETERGENTES Y LIMPIEZA,50.0
2026-07-15,DULCES,0.0
2026-07-15,EMBUTIDOS,0.0
2026-07-15,GALLETAS Y BIZCOCHOS,122.0
2026-07-15,GASEOSAS,36.0
2026-07-15,GOLOSINAS,69.0
2026-07-15,HARINAS,0.0
2026-07-15,HELADOS,0.0
2026-07-15,HIGIENE FEMENINA,0.0
2026-07-15,HIGIENE PERSONAL,0.0
2026-07-15,INFUSIONES,0.0
2026-07-15,JUGOS Y BEBIDAS,0.0
2026-07-15,LÁCTEOS,0.0
2026-07-15,MENESTRAS,0.0
2026-07-15,PANIFICADOS,0.0
2026-07-15,PAPEL HIGIÉNICO,0.0
2026-07-15,PASTAS,0.0
2026-07-15,PILAS Y BATERÍAS,0.0
2026-07-15,SNACKS,47.0
2026-07-15,SUAVIZANTES,4.0
2026-07-15,UNTABLES Y DULCES,0.0
2026-07-16,ABARROTES,0.0
2026-07-16,AGUA,104.0
2026-07-16,ALIMENTO PARA PERROS,0.0
2026-07-16,BEBIDAS ALCOHÓLICAS (RESTRINGIDO),10.0
2026-07-16,BEBIDAS EN POLVO,0.0
2026-07-16,BEBIDAS ENERGÉTICAS,0.0
2026-07-16,BEBIDAS ISOTÓNICAS,0.0
2026-07-16,CAFÉ,0.0
2026-07-16,CARNES Y EMBUTIDOS,0.0
2026-07-16,CEREALES,0.0
2026-07-16,CHOCOLATES,0.0
2026-07-16,CONDIMENTOS Y SALSAS,0.0
2026-07-16,CONSERVAS,0.0
2026-07-16,CUIDADO BUCAL,0.0
2026-07-16,CUIDADO CAPILAR,0.0
2026-07-16,CUIDADO DEL BEBÉ,0.0
2026-07-16,DESECHABLES Y PAPEL,0.0
2026-07-16,DETERGENTES,0.0
2026-07-16,DETERGENTES Y LIMPIEZA,0.0
2026-07-16,DULCES,0.0
2026-07-16,EMBUTIDOS,0.0
2026-07-16,GALLETAS Y BIZCOCHOS,45.0
2026-07-16,GASEOSAS,0.0
2026-07-16,GOLOSINAS,41.0
2026-07-16,HARINAS,0.0
2026-07-16,HELADOS,0.0
2026-07-16,HIGIENE FEMENINA,0.0
2026-07-16,HIGIENE PERSONAL,0.0
2026-07-16,INFUSIONES,0.0
2026-07-16,JUGOS Y BEBIDAS,0.0
2026-07-16,LÁCTEOS,8.0
2026-07-16,MENESTRAS,0.0
2026-07-16,PANIFICADOS,0.0
2026-07-16,PAPEL HIGIÉNICO,0.0
2026-07-16,PASTAS,0.0
2026-07-16,PILAS Y BATERÍAS,0.0
2026-07-16,SNACKS,43.0
2026-07-16,SUAVIZANTES,0.0
2026-07-16,UNTABLES Y DULCES,0.0
2026-07-17,ABARROTES,0.0
2026-07-17,AGUA,115.0
2026-07-17,ALIMENTO PARA PERROS,0.0
2026-07-17,BEBIDAS ALCOHÓLICAS (RESTRINGIDO),0.0
2026-07-17,BEBIDAS EN POLVO,0.0
2026-07-17,BEBIDAS ENERGÉTICAS,0.0
2026-07-17,BEBIDAS ISOTÓNICAS,0.0
2026-07-17,CAFÉ,0.0
2026-07-17,CARNES Y EMBUTIDOS,0.0
2026-07-17,CEREALES,0.0
2026-07-17,CHOCOLATES,0.0
2026-07-17,CONDIMENTOS Y SALSAS,0.0
2026-07-17,CONSERVAS,3.0
2026-07-17,CUIDADO BUCAL,0.0
2026-07-17,CUIDADO CAPILAR,0.0
2026-07-17,CUIDADO DEL BEBÉ,0.0
2026-07-17,DESECHABLES Y PAPEL,0.0
2026-07-17,DETERGENTES,0.0
2026-07-17,DETERGENTES Y LIMPIEZA,0.0
2026-07-17,DULCES,0.0
2026-07-17,EMBUTIDOS,0.0
2026-07-17,GALLETAS Y BIZCOCHOS,37.0
2026-07-17,GASEOSAS,99.0
2026-07-17,GOLOSINAS,0.0
2026-07-17,HARINAS,0.0
2026-07-17,HELADOS,0.0
2026-07-17,HIGIENE FEMENINA,0.0
2026-07-17,HIGIENE PERSONAL,0.0
2026-07-17,INFUSIONES,0.0
2026-07-17,JUGOS Y BEBIDAS,0.0
2026-07-17,LÁCTEOS,28.0
2026-07-17,MENESTRAS,0.0
2026-07-17,PANIFICADOS,0.0
2026-07-17,PAPEL HIGIÉNICO,0.0
2026-07-17,PASTAS,0.0
2026-07-17,PILAS Y BATERÍAS,0.0
2026-07-17,SNACKS,0.0
2026-07-17,SUAVIZANTES,0.0
2026-07-17,UNTABLES Y DULCES,0.0
2026-07-18,ABARROTES,0.0
2026-07-18,AGUA,142.0
2026-07-18,ALIMENTO PARA PERROS,0.0
2026-07-18,BEBIDAS ALCOHÓLICAS (RESTRINGIDO),0.0
2026-07-18,BEBIDAS EN POLVO,0.0
2026-07-18,BEBIDAS ENERGÉTICAS,0.0
2026-07-18,BEBIDAS ISOTÓNICAS,0.0
2026-07-18,CAFÉ,0.0
2026-07-18,CARNES Y EMBUTIDOS,0.0
2026-07-18,CEREALES,0.0
2026-07-18,CHOCOLATES,36.0
2026-07-18,CONDIMENTOS Y SALSAS,0.0
2026-07-18,CONSERVAS,0.0
2026-07-18,CUIDADO BUCAL,0.0
2026-07-18,CUIDADO CAPILAR,7.0
2026-07-18,CUIDADO DEL BEBÉ,0.0
2026-07-18,DESECHABLES Y PAPEL,0.0
2026-07-18,DETERGENTES,0.0
2026-07-18,DETERGENTES Y LIMPIEZA,12.0
2026-07-18,DULCES,0.0
2026-07-18,EMBUTIDOS,0.0
2026-07-18,GALLETAS Y BIZCOCHOS,130.0
2026-07-18,GASEOSAS,67.0
2026-07-18,GOLOSINAS,161.0
2026-07-18,HARINAS,0.0
2026-07-18,HELADOS,0.0
2026-07-18,HIGIENE FEMENINA,0.0
2026-07-18,HIGIENE PERSONAL,0.0
2026-07-18,INFUSIONES,0.0
2026-07-18,JUGOS Y BEBIDAS,0.0
2026-07-18,LÁCTEOS,0.0
2026-07-18,MENESTRAS,0.0
2026-07-18,PANIFICADOS,0.0
2026-07-18,PAPEL HIGIÉNICO,0.0
2026-07-18,PASTAS,0.0
2026-07-18,PILAS Y BATERÍAS,0.0
2026-07-18,SNACKS,142.0
2026-07-18,SUAVIZANTES,0.0
2026-07-18,UNTABLES Y DULCES,0.0
2026-07-19,ABARROTES,17.0
2026-07-19,AGUA,0.0
2026-07-19,ALIMENTO PARA PERROS,0.0
2026-07-19,BEBIDAS ALCOHÓLICAS (RESTRINGIDO),0.0
2026-07-19,BEBIDAS EN POLVO,0.0
2026-07-19,BEBIDAS ENERGÉTICAS,0.0
2026-07-19,BEBIDAS ISOTÓNICAS,0.0
2026-07-19,CAFÉ,0.0
2026-07-19,CARNES Y EMBUTIDOS,0.0
2026-07-19,CEREALES,0.0
2026-07-19,CHOCOLATES,35.0
2026-07-19,CONDIMENTOS Y SALSAS,0.0
2026-07-19,CONSERVAS,0.0
2026-07-19,CUIDADO BUCAL,0.0
2026-07-19,CUIDADO CAPILAR,7.0
2026-07-19,CUIDADO DEL BEBÉ,0.0
2026-07-19,DESECHABLES Y PAPEL,0.0
2026-07-19,DETERGENTES,0.0
2026-07-19,DETERGENTES Y LIMPIEZA,0.0
2026-07-19,DULCES,0.0
2026-07-19,EMBUTIDOS,0.0
2026-07-19,GALLETAS Y BIZCOCHOS,0.0
2026-07-19,GASEOSAS,295.0
2026-07-19,GOLOSINAS,427.0
2026-07-19,HARINAS,0.0
2026-07-19,HELADOS,0.0
2026-07-19,HIGIENE FEMENINA,0.0
2026-07-19,HIGIENE PERSONAL,0.0
2026-07-19,INFUSIONES,0.0
2026-07-19,JUGOS Y BEBIDAS,0.0
2026-07-19,LÁCTEOS,0.0
2026-07-19,MENESTRAS,0.0
2026-07-19,PANIFICADOS,0.0
2026-07-19,PAPEL HIGIÉNICO,0.0
2026-07-19,PASTAS,0.0
2026-07-19,PILAS Y BATERÍAS,0.0
2026-07-19,SNACKS,36.0
2026-07-19,SUAVIZANTES,0.0
2026-07-19,UNTABLES Y DULCES,0.0
2026-07-20,ABARROTES,61.0
2026-07-20,AGUA,61.0
2026-07-20,ALIMENTO PARA PERROS,0.0
2026-07-20,BEBIDAS ALCOHÓLICAS (RESTRINGIDO),0.0
2026-07-20,BEBIDAS EN POLVO,0.0
2026-07-20,BEBIDAS ENERGÉTICAS,0.0
2026-07-20,BEBIDAS ISOTÓNICAS,0.0
2026-07-20,CAFÉ,0.0
2026-07-20,CARNES Y EMBUTIDOS,0.0
2026-07-20,CEREALES,0.0
2026-07-20,CHOCOLATES,0.0
2026-07-20,CONDIMENTOS Y SALSAS,0.0
2026-07-20,CONSERVAS,6.0
2026-07-20,CUIDADO BUCAL,0.0
2026-07-20,CUIDADO CAPILAR,0.0
2026-07-20,CUIDADO DEL BEBÉ,0.0
2026-07-20,DESECHABLES Y PAPEL,0.0
2026-07-20,DETERGENTES,0.0
2026-07-20,DETERGENTES Y LIMPIEZA,0.0
2026-07-20,DULCES,0.0
2026-07-20,EMBUTIDOS,0.0
2026-07-20,GALLETAS Y BIZCOCHOS,81.0
2026-07-20,GASEOSAS,72.0
2026-07-20,GOLOSINAS,80.0
2026-07-20,HARINAS,0.0
2026-07-20,HELADOS,0.0
2026-07-20,HIGIENE FEMENINA,0.0
2026-07-20,HIGIENE PERSONAL,0.0
2026-07-20,INFUSIONES,0.0
2026-07-20,JUGOS Y BEBIDAS,0.0
2026-07-20,LÁCTEOS,18.0
2026-07-20,MENESTRAS,0.0
2026-07-20,PANIFICADOS,0.0
2026-07-20,PAPEL HIGIÉNICO,0.0
2026-07-20,PASTAS,0.0
2026-07-20,PILAS Y BATERÍAS,0.0
2026-07-20,SNACKS,55.0
2026-07-20,SUAVIZANTES,0.0
2026-07-20,UNTABLES Y DULCES,0.0
2026-07-21,ABARROTES,0.0
2026-07-21,AGUA,0.0
2026-07-21,ALIMENTO PARA PERROS,0.0
2026-07-21,BEBIDAS ALCOHÓLICAS (RESTRINGIDO),0.0
2026-07-21,BEBIDAS EN POLVO,0.0
2026-07-21,BEBIDAS ENERGÉTICAS,0.0
2026-07-21,BEBIDAS ISOTÓNICAS,0.0
2026-07-21,CAFÉ,0.0
2026-07-21,CARNES Y EMBUTIDOS,0.0
2026-07-21,CEREALES,0.0
2026-07-21,CHOCOLATES,0.0
2026-07-21,CONDIMENTOS Y SALSAS,0.0
2026-07-21,CONSERVAS,0.0
2026-07-21,CUIDADO BUCAL,0.0
2026-07-21,CUIDADO CAPILAR,0.0
2026-07-21,CUIDADO DEL BEBÉ,0.0
2026-07-21,DESECHABLES Y PAPEL,0.0
2026-07-21,DETERGENTES,0.0
2026-07-21,DETERGENTES Y LIMPIEZA,0.0
2026-07-21,DULCES,0.0
2026-07-21,EMBUTIDOS,0.0
2026-07-21,GALLETAS Y BIZCOCHOS,38.0
2026-07-21,GASEOSAS,40.0
2026-07-21,GOLOSINAS,38.0
2026-07-21,HARINAS,0.0
2026-07-21,HELADOS,0.0
2026-07-21,HIGIENE FEMENINA,0.0
2026-07-21,HIGIENE PERSONAL,0.0
2026-07-21,INFUSIONES,0.0
2026-07-21,JUGOS Y BEBIDAS,0.0
2026-07-21,LÁCTEOS,0.0
2026-07-21,MENESTRAS,0.0
2026-07-21,PANIFICADOS,0.0
2026-07-21,PAPEL HIGIÉNICO,0.0
2026-07-21,PASTAS,0.0
2026-07-21,PILAS Y BATERÍAS,0.0
2026-07-21,SNACKS,7.0
2026-07-21,SUAVIZANTES,0.0
2026-07-21,UNTABLES Y DULCES,0.0
2026-07-22,ABARROTES,28.0
2026-07-22,AGUA,92.0
2026-07-22,ALIMENTO PARA PERROS,0.0
2026-07-22,BEBIDAS ALCOHÓLICAS (RESTRINGIDO),0.0
2026-07-22,BEBIDAS EN POLVO,0.0
2026-07-22,BEBIDAS ENERGÉTICAS,0.0
2026-07-22,BEBIDAS ISOTÓNICAS,0.0
2026-07-22,CAFÉ,0.0
2026-07-22,CARNES Y EMBUTIDOS,0.0
2026-07-22,CEREALES,0.0
2026-07-22,CHOCOLATES,0.0
2026-07-22,CONDIMENTOS Y SALSAS,0.0
2026-07-22,CONSERVAS,0.0
2026-07-22,CUIDADO BUCAL,0.0
2026-07-22,CUIDADO CAPILAR,0.0
2026-07-22,CUIDADO DEL BEBÉ,0.0
2026-07-22,DESECHABLES Y PAPEL,0.0
2026-07-22,DETERGENTES,0.0
2026-07-22,DETERGENTES Y LIMPIEZA,0.0
2026-07-22,DULCES,0.0
2026-07-22,EMBUTIDOS,0.0
2026-07-22,GALLETAS Y BIZCOCHOS,73.0
2026-07-22,GASEOSAS,0.0
2026-07-22,GOLOSINAS,38.0
2026-07-22,HARINAS,0.0
2026-07-22,HELADOS,0.0
2026-07-22,HIGIENE FEMENINA,0.0
2026-07-22,HIGIENE PERSONAL,0.0
2026-07-22,INFUSIONES,0.0
2026-07-22,JUGOS Y BEBIDAS,0.0
2026-07-22,LÁCTEOS,0.0
2026-07-22,MENESTRAS,0.0
2026-07-22,PANIFICADOS,0.0
2026-07-22,PAPEL HIGIÉNICO,0.0
2026-07-22,PASTAS,0.0
2026-07-22,PILAS Y BATERÍAS,0.0
2026-07-22,SNACKS,41.0
2026-07-22,SUAVIZANTES,3.0
2026-07-22,UNTABLES Y DULCES,0.0
2026-07-23,ABARROTES,0.0
2026-07-23,AGUA,103.0
2026-07-23,ALIMENTO PARA PERROS,0.0
2026-07-23,BEBIDAS ALCOHÓLICAS (RESTRINGIDO),0.0
2026-07-23,BEBIDAS EN POLVO,0.0
2026-07-23,BEBIDAS ENERGÉTICAS,0.0
2026-07-23,BEBIDAS ISOTÓNICAS,0.0
2026-07-23,CAFÉ,0.0
2026-07-23,CARNES Y EMBUTIDOS,0.0
2026-07-23,CEREALES,0.0
2026-07-23,CHOCOLATES,0.0
2026-07-23,CONDIMENTOS Y SALSAS,0.0
2026-07-23,CONSERVAS,0.0
2026-07-23,CUIDADO BUCAL,0.0
2026-07-23,CUIDADO CAPILAR,0.0
2026-07-23,CUIDADO DEL BEBÉ,0.0
2026-07-23,DESECHABLES Y PAPEL,0.0
2026-07-23,DETERGENTES,0.0
2026-07-23,DETERGENTES Y LIMPIEZA,0.0
2026-07-23,DULCES,0.0
2026-07-23,EMBUTIDOS,0.0
2026-07-23,GALLETAS Y BIZCOCHOS,0.0
2026-07-23,GASEOSAS,0.0
2026-07-23,GOLOSINAS,155.0
2026-07-23,HARINAS,0.0
2026-07-23,HELADOS,0.0
2026-07-23,HIGIENE FEMENINA,0.0
2026-07-23,HIGIENE PERSONAL,13.0
2026-07-23,INFUSIONES,0.0
2026-07-23,JUGOS Y BEBIDAS,0.0
2026-07-23,LÁCTEOS,23.0
2026-07-23,MENESTRAS,0.0
2026-07-23,PANIFICADOS,0.0
2026-07-23,PAPEL HIGIÉNICO,0.0
2026-07-23,PASTAS,0.0
2026-07-23,PILAS Y BATERÍAS,0.0
2026-07-23,SNACKS,51.0
2026-07-23,SUAVIZANTES,0.0
2026-07-23,UNTABLES Y DULCES,0.0
2026-07-24,ABARROTES,0.0
2026-07-24,AGUA,36.0
2026-07-24,ALIMENTO PARA PERROS,0.0
2026-07-24,BEBIDAS ALCOHÓLICAS (RESTRINGIDO),0.0
2026-07-24,BEBIDAS EN POLVO,0.0
2026-07-24,BEBIDAS ENERGÉTICAS,0.0
2026-07-24,BEBIDAS ISOTÓNICAS,16.0
2026-07-24,CAFÉ,0.0
2026-07-24,CARNES Y EMBUTIDOS,0.0
2026-07-24,CEREALES,0.0
2026-07-24,CHOCOLATES,36.0
2026-07-24,CONDIMENTOS Y SALSAS,0.0
2026-07-24,CONSERVAS,0.0
2026-07-24,CUIDADO BUCAL,0.0
2026-07-24,CUIDADO CAPILAR,0.0
2026-07-24,CUIDADO DEL BEBÉ,0.0
2026-07-24,DESECHABLES Y PAPEL,0.0
2026-07-24,DETERGENTES,0.0
2026-07-24,DETERGENTES Y LIMPIEZA,14.0
2026-07-24,DULCES,0.0
2026-07-24,EMBUTIDOS,0.0
2026-07-24,GALLETAS Y BIZCOCHOS,46.0
2026-07-24,GASEOSAS,126.0
2026-07-24,GOLOSINAS,22.0
2026-07-24,HARINAS,0.0
2026-07-24,HELADOS,0.0
2026-07-24,HIGIENE FEMENINA,0.0
2026-07-24,HIGIENE PERSONAL,3.0
2026-07-24,INFUSIONES,0.0
2026-07-24,JUGOS Y BEBIDAS,34.0
2026-07-24,LÁCTEOS,12.0
2026-07-24,MENESTRAS,0.0
2026-07-24,PANIFICADOS,0.0
2026-07-24,PAPEL HIGIÉNICO,0.0
2026-07-24,PASTAS,0.0
2026-07-24,PILAS Y BATERÍAS,0.0
2026-07-24,SNACKS,43.0
2026-07-24,SUAVIZANTES,0.0
2026-07-24,UNTABLES Y DULCES,0.0
2026-07-25,ABARROTES,29.0
2026-07-25,AGUA,124.0
2026-07-25,ALIMENTO PARA PERROS,0.0
2026-07-25,BEBIDAS ALCOHÓLICAS (RESTRINGIDO),0.0
2026-07-25,BEBIDAS EN POLVO,0.0
2026-07-25,BEBIDAS ENERGÉTICAS,0.0
2026-07-25,BEBIDAS ISOTÓNICAS,19.0
2026-07-25,CAFÉ,0.0
2026-07-25,CARNES Y EMBUTIDOS,0.0
2026-07-25,CEREALES,0.0
2026-07-25,CHOCOLATES,0.0
2026-07-25,CONDIMENTOS Y SALSAS,0.0
2026-07-25,CONSERVAS,0.0
2026-07-25,CUIDADO BUCAL,0.0
2026-07-25,CUIDADO CAPILAR,0.0
2026-07-25,CUIDADO DEL BEBÉ,0.0
2026-07-25,DESECHABLES Y PAPEL,0.0
2026-07-25,DETERGENTES,0.0
2026-07-25,DETERGENTES Y LIMPIEZA,0.0
2026-07-25,DULCES,0.0
2026-07-25,EMBUTIDOS,0.0
2026-07-25,GALLETAS Y BIZCOCHOS,100.0
2026-07-25,GASEOSAS,200.0
2026-07-25,GOLOSINAS,193.0
2026-07-25,HARINAS,0.0
2026-07-25,HELADOS,0.0
2026-07-25,HIGIENE FEMENINA,0.0
2026-07-25,HIGIENE PERSONAL,0.0
2026-07-25,INFUSIONES,0.0
2026-07-25,JUGOS Y BEBIDAS,0.0
2026-07-25,LÁCTEOS,39.0
2026-07-25,MENESTRAS,0.0
2026-07-25,PANIFICADOS,0.0
2026-07-25,PAPEL HIGIÉNICO,0.0
2026-07-25,PASTAS,0.0
2026-07-25,PILAS Y BATERÍAS,0.0
2026-07-25,SNACKS,0.0
2026-07-25,SUAVIZANTES,0.0
2026-07-25,UNTABLES Y DULCES,0.0
2026-07-26,ABARROTES,2.0
2026-07-26,AGUA,0.0
2026-07-26,ALIMENTO PARA PERROS,0.0
2026-07-26,BEBIDAS ALCOHÓLICAS (RESTRINGIDO),20.0
2026-07-26,BEBIDAS EN POLVO,0.0
2026-07-26,BEBIDAS ENERGÉTICAS,0.0
2026-07-26,BEBIDAS ISOTÓNICAS,6.0
2026-07-26,CAFÉ,6.0
2026-07-26,CARNES Y EMBUTIDOS,0.0
2026-07-26,CEREALES,12.0
2026-07-26,CHOCOLATES,0.0
2026-07-26,CONDIMENTOS Y SALSAS,0.0
2026-07-26,CONSERVAS,9.0
2026-07-26,CUIDADO BUCAL,0.0
2026-07-26,CUIDADO CAPILAR,10.0
2026-07-26,CUIDADO DEL BEBÉ,0.0
2026-07-26,DESECHABLES Y PAPEL,0.0
2026-07-26,DETERGENTES,0.0
2026-07-26,DETERGENTES Y LIMPIEZA,17.0
2026-07-26,DULCES,55.0
2026-07-26,EMBUTIDOS,0.0
2026-07-26,GALLETAS Y BIZCOCHOS,7.0
2026-07-26,GASEOSAS,0.0
2026-07-26,GOLOSINAS,72.0
2026-07-26,HARINAS,0.0
2026-07-26,HELADOS,0.0
2026-07-26,HIGIENE FEMENINA,0.0
2026-07-26,HIGIENE PERSONAL,0.0
2026-07-26,INFUSIONES,0.0
2026-07-26,JUGOS Y BEBIDAS,0.0
2026-07-26,LÁCTEOS,0.0
2026-07-26,MENESTRAS,0.0
2026-07-26,PANIFICADOS,2.0
2026-07-26,PAPEL HIGIÉNICO,0.0
2026-07-26,PASTAS,0.0
2026-07-26,PILAS Y BATERÍAS,0.0
2026-07-26,SNACKS,0.0
2026-07-26,SUAVIZANTES,0.0
2026-07-26,UNTABLES Y DULCES,0.0
2026-07-27,ABARROTES,64.0
2026-07-27,AGUA,151.0
2026-07-27,ALIMENTO PARA PERROS,0.0
2026-07-27,BEBIDAS ALCOHÓLICAS (RESTRINGIDO),0.0
2026-07-27,BEBIDAS EN POLVO,0.0
2026-07-27,BEBIDAS ENERGÉTICAS,0.0
2026-07-27,BEBIDAS ISOTÓNICAS,0.0
2026-07-27,CAFÉ,0.0
2026-07-27,CARNES Y EMBUTIDOS,21.0
2026-07-27,CEREALES,0.0
2026-07-27,CHOCOLATES,17.0
2026-07-27,CONDIMENTOS Y SALSAS,0.0
2026-07-27,CONSERVAS,9.0
2026-07-27,CUIDADO BUCAL,0.0
2026-07-27,CUIDADO CAPILAR,16.0
2026-07-27,CUIDADO DEL BEBÉ,0.0
2026-07-27,DESECHABLES Y PAPEL,0.0
2026-07-27,DETERGENTES,0.0
2026-07-27,DETERGENTES Y LIMPIEZA,0.0
2026-07-27,DULCES,72.0
2026-07-27,EMBUTIDOS,0.0
2026-07-27,GALLETAS Y BIZCOCHOS,111.0
2026-07-27,GASEOSAS,0.0
2026-07-27,GOLOSINAS,257.0
2026-07-27,HARINAS,0.0
2026-07-27,HELADOS,0.0
2026-07-27,HIGIENE FEMENINA,0.0
2026-07-27,HIGIENE PERSONAL,0.0
2026-07-27,INFUSIONES,0.0
2026-07-27,JUGOS Y BEBIDAS,0.0
2026-07-27,LÁCTEOS,22.0
2026-07-27,MENESTRAS,0.0
2026-07-27,PANIFICADOS,0.0
2026-07-27,PAPEL HIGIÉNICO,0.0
2026-07-27,PASTAS,0.0
2026-07-27,PILAS Y BATERÍAS,0.0
2026-07-27,SNACKS,19.0
2026-07-27,SUAVIZANTES,0.0
2026-07-27,UNTABLES Y DULCES,0.0
2026-07-28,ABARROTES,51.0
2026-07-28,AGUA,95.0
2026-07-28,ALIMENTO PARA PERROS,0.0
2026-07-28,BEBIDAS ALCOHÓLICAS (RESTRINGIDO),0.0
2026-07-28,BEBIDAS EN POLVO,0.0
2026-07-28,BEBIDAS ENERGÉTICAS,0.0
2026-07-28,BEBIDAS ISOTÓNICAS,0.0
2026-07-28,CAFÉ,0.0
2026-07-28,CARNES Y EMBUTIDOS,0.0
2026-07-28,CEREALES,0.0
2026-07-28,CHOCOLATES,0.0
2026-07-28,CONDIMENTOS Y SALSAS,0.0
2026-07-28,CONSERVAS,0.0
2026-07-28,CUIDADO BUCAL,0.0
2026-07-28,CUIDADO CAPILAR,0.0
2026-07-28,CUIDADO DEL BEBÉ,0.0
2026-07-28,DESECHABLES Y PAPEL,0.0
2026-07-28,DETERGENTES,0.0
2026-07-28,DETERGENTES Y LIMPIEZA,0.0
2026-07-28,DULCES,20.0
2026-07-28,EMBUTIDOS,0.0
2026-07-28,GALLETAS Y BIZCOCHOS,136.0
2026-07-28,GASEOSAS,21.0
2026-07-28,GOLOSINAS,0.0
2026-07-28,HARINAS,0.0
2026-07-28,HELADOS,0.0
2026-07-28,HIGIENE FEMENINA,18.0
2026-07-28,HIGIENE PERSONAL,0.0
2026-07-28,INFUSIONES,0.0
2026-07-28,JUGOS Y BEBIDAS,0.0
2026-07-28,LÁCTEOS,0.0
2026-07-28,MENESTRAS,0.0
2026-07-28,PANIFICADOS,0.0
2026-07-28,PAPEL HIGIÉNICO,0.0
2026-07-28,PASTAS,0.0
2026-07-28,PILAS Y BATERÍAS,0.0
2026-07-28,SNACKS,38.0
2026-07-28,SUAVIZANTES,4.0
2026-07-28,UNTABLES Y DULCES,0.0
2026-07-29,ABARROTES,76.0
2026-07-29,AGUA,95.0
2026-07-29,ALIMENTO PARA PERROS,0.0
2026-07-29,BEBIDAS ALCOHÓLICAS (RESTRINGIDO),0.0
2026-07-29,BEBIDAS EN POLVO,0.0
2026-07-29,BEBIDAS ENERGÉTICAS,0.0
2026-07-29,BEBIDAS ISOTÓNICAS,0.0
2026-07-29,CAFÉ,0.0
2026-07-29,CARNES Y EMBUTIDOS,0.0
2026-07-29,CEREALES,0.0
2026-07-29,CHOCOLATES,0.0
2026-07-29,CONDIMENTOS Y SALSAS,0.0
2026-07-29,CONSERVAS,12.0
2026-07-29,CUIDADO BUCAL,0.0
2026-07-29,CUIDADO CAPILAR,25.0
2026-07-29,CUIDADO DEL BEBÉ,0.0
2026-07-29,DESECHABLES Y PAPEL,0.0
2026-07-29,DETERGENTES,18.0
2026-07-29,DETERGENTES Y LIMPIEZA,0.0
2026-07-29,DULCES,107.0
2026-07-29,EMBUTIDOS,17.0
2026-07-29,GALLETAS Y BIZCOCHOS,79.0
2026-07-29,GASEOSAS,51.0
2026-07-29,GOLOSINAS,330.0
2026-07-29,HARINAS,0.0
2026-07-29,HELADOS,0.0
2026-07-29,HIGIENE FEMENINA,0.0
2026-07-29,HIGIENE PERSONAL,10.0
2026-07-29,INFUSIONES,0.0
2026-07-29,JUGOS Y BEBIDAS,0.0
2026-07-29,LÁCTEOS,0.0
2026-07-29,MENESTRAS,0.0
2026-07-29,PANIFICADOS,0.0
2026-07-29,PAPEL HIGIÉNICO,0.0
2026-07-29,PASTAS,0.0
2026-07-29,PILAS Y BATERÍAS,0.0
2026-07-29,SNACKS,102.0
2026-07-29,SUAVIZANTES,0.0
2026-07-29,UNTABLES Y DULCES,0.0
2026-07-30,ABARROTES,66.0
2026-07-30,AGUA,0.0
2026-07-30,ALIMENTO PARA PERROS,0.0
2026-07-30,BEBIDAS ALCOHÓLICAS (RESTRINGIDO),26.0
2026-07-30,BEBIDAS EN POLVO,0.0
2026-07-30,BEBIDAS ENERGÉTICAS,19.0
2026-07-30,BEBIDAS ISOTÓNICAS,0.0
2026-07-30,CAFÉ,12.0
2026-07-30,CARNES Y EMBUTIDOS,23.0
2026-07-30,CEREALES,0.0
2026-07-30,CHOCOLATES,0.0
2026-07-30,CONDIMENTOS Y SALSAS,0.0
2026-07-30,CONSERVAS,0.0
2026-07-30,CUIDADO BUCAL,28.0
2026-07-30,CUIDADO CAPILAR,0.0
2026-07-30,CUIDADO DEL BEBÉ,0.0
2026-07-30,DESECHABLES Y PAPEL,0.0
2026-07-30,DETERGENTES,0.0
2026-07-30,DETERGENTES Y LIMPIEZA,0.0
2026-07-30,DULCES,161.0
2026-07-30,EMBUTIDOS,0.0
2026-07-30,GALLETAS Y BIZCOCHOS,57.0
2026-07-30,GASEOSAS,0.0
2026-07-30,GOLOSINAS,156.0
2026-07-30,HARINAS,0.0
2026-07-30,HELADOS,0.0
2026-07-30,HIGIENE FEMENINA,0.0
2026-07-30,HIGIENE PERSONAL,0.0
2026-07-30,INFUSIONES,0.0
2026-07-30,JUGOS Y BEBIDAS,0.0
2026-07-30,LÁCTEOS,12.0
2026-07-30,MENESTRAS,0.0
2026-07-30,PANIFICADOS,0.0
2026-07-30,PAPEL HIGIÉNICO,0.0
2026-07-30,PASTAS,0.0
2026-07-30,PILAS Y BATERÍAS,0.0
2026-07-30,SNACKS,49.0
2026-07-30,SUAVIZANTES,0.0
2026-07-30,UNTABLES Y DULCES,0.0
2026-07-31,ABARROTES,37.0
2026-07-31,AGUA,0.0
2026-07-31,ALIMENTO PARA PERROS,0.0
2026-07-31,BEBIDAS ALCOHÓLICAS (RESTRINGIDO),9.0
2026-07-31,BEBIDAS EN POLVO,0.0
2026-07-31,BEBIDAS ENERGÉTICAS,0.0
2026-07-31,BEBIDAS ISOTÓNICAS,0.0
2026-07-31,CAFÉ,0.0
2026-07-31,CARNES Y EMBUTIDOS,0.0
2026-07-31,CEREALES,0.0
2026-07-31,CHOCOLATES,0.0
2026-07-31,CONDIMENTOS Y SALSAS,0.0
2026-07-31,CONSERVAS,0.0
2026-07-31,CUIDADO BUCAL,0.0
2026-07-31,CUIDADO CAPILAR,0.0
2026-07-31,CUIDADO DEL BEBÉ,0.0
2026-07-31,DESECHABLES Y PAPEL,0.0
2026-07-31,DETERGENTES,0.0
2026-07-31,DETERGENTES Y LIMPIEZA,0.0
2026-07-31,DULCES,62.0
2026-07-31,EMBUTIDOS,0.0
2026-07-31,GALLETAS Y BIZCOCHOS,45.0
2026-07-31,GASEOSAS,19.0
2026-07-31,GOLOSINAS,133.0
2026-07-31,HARINAS,0.0
2026-07-31,HELADOS,0.0
2026-07-31,HIGIENE FEMENINA,0.0
2026-07-31,HIGIENE PERSONAL,0.0
2026-07-31,INFUSIONES,0.0
2026-07-31,JUGOS Y BEBIDAS,0.0
2026-07-31,LÁCTEOS,0.0
2026-07-31,MENESTRAS,0.0
2026-07-31,PANIFICADOS,0.0
2026-07-31,PAPEL HIGIÉNICO,0.0
2026-07-31,PASTAS,0.0
2026-07-31,PILAS Y BATERÍAS,0.0
2026-07-31,SNACKS,0.0
2026-07-31,SUAVIZANTES,0.0
2026-07-31,UNTABLES Y DULCES,0.0
2026-08-01,ABARROTES,62.0
2026-08-01,AGUA,139.0
2026-08-01,ALIMENTO PARA PERROS,0.0
2026-08-01,BEBIDAS ALCOHÓLICAS (RESTRINGIDO),0.0
2026-08-01,BEBIDAS EN POLVO,0.0
2026-08-01,BEBIDAS ENERGÉTICAS,0.0
2026-08-01,BEBIDAS ISOTÓNICAS,0.0
2026-08-01,CAFÉ,0.0
2026-08-01,CARNES Y EMBUTIDOS,23.0
2026-08-01,CEREALES,0.0
2026-08-01,CHOCOLATES,0.0
2026-08-01,CONDIMENTOS Y SALSAS,0.0
2026-08-01,CONSERVAS,0.0
2026-08-01,CUIDADO BUCAL,0.0
2026-08-01,CUIDADO CAPILAR,0.0
2026-08-01,CUIDADO DEL BEBÉ,0.0
2026-08-01,DESECHABLES Y PAPEL,0.0
2026-08-01,DETERGENTES,0.0
2026-08-01,DETERGENTES Y LIMPIEZA,6.0
2026-08-01,DULCES,79.0
2026-08-01,EMBUTIDOS,0.0
2026-08-01,GALLETAS Y BIZCOCHOS,134.0
2026-08-01,GASEOSAS,63.0
2026-08-01,GOLOSINAS,405.0
2026-08-01,HARINAS,0.0
2026-08-01,HELADOS,0.0
2026-08-01,HIGIENE FEMENINA,0.0
2026-08-01,HIGIENE PERSONAL,0.0
2026-08-01,INFUSIONES,0.0
2026-08-01,JUGOS Y BEBIDAS,0.0
2026-08-01,LÁCTEOS,0.0
2026-08-01,MENESTRAS,0.0
2026-08-01,PANIFICADOS,0.0
2026-08-01,PAPEL HIGIÉNICO,0.0
2026-08-01,PASTAS,0.0
2026-08-01,PILAS Y BATERÍAS,0.0
2026-08-01,SNACKS,0.0
2026-08-01,SUAVIZANTES,0.0
2026-08-01,UNTABLES Y DULCES,0.0
2026-08-02,ABARROTES,98.0
2026-08-02,AGUA,60.0
2026-08-02,ALIMENTO PARA PERROS,0.0
2026-08-02,BEBIDAS ALCOHÓLICAS (RESTRINGIDO),0.0
2026-08-02,BEBIDAS EN POLVO,0.0
2026-08-02,BEBIDAS ENERGÉTICAS,0.0
2026-08-02,BEBIDAS ISOTÓNICAS,0.0
2026-08-02,CAFÉ,0.0
2026-08-02,CARNES Y EMBUTIDOS,0.0
2026-08-02,CEREALES,0.0
2026-08-02,CHOCOLATES,0.0
2026-08-02,CONDIMENTOS Y SALSAS,0.0
2026-08-02,CONSERVAS,26.0
2026-08-02,CUIDADO BUCAL,0.0
2026-08-02,CUIDADO CAPILAR,3.0
2026-08-02,CUIDADO DEL BEBÉ,0.0
2026-08-02,DESECHABLES Y PAPEL,0.0
2026-08-02,DETERGENTES,0.0
2026-08-02,DETERGENTES Y LIMPIEZA,10.0
2026-08-02,DULCES,58.0
2026-08-02,EMBUTIDOS,0.0
2026-08-02,GALLETAS Y BIZCOCHOS,76.0
2026-08-02,GASEOSAS,87.0
2026-08-02,GOLOSINAS,447.0
2026-08-02,HARINAS,0.0
2026-08-02,HELADOS,0.0
2026-08-02,HIGIENE FEMENINA,0.0
2026-08-02,HIGIENE PERSONAL,0.0
2026-08-02,INFUSIONES,0.0
2026-08-02,JUGOS Y BEBIDAS,0.0
2026-08-02,LÁCTEOS,18.0
2026-08-02,MENESTRAS,0.0
2026-08-02,PANIFICADOS,0.0
2026-08-02,PAPEL HIGIÉNICO,0.0
2026-08-02,PASTAS,0.0
2026-08-02,PILAS Y BATERÍAS,0.0
2026-08-02,SNACKS,0.0
2026-08-02,SUAVIZANTES,0.0
2026-08-02,UNTABLES Y DULCES,0.0
2026-08-03,ABARROTES,48.0
2026-08-03,AGUA,0.0
2026-08-03,ALIMENTO PARA PERROS,0.0
2026-08-03,BEBIDAS ALCOHÓLICAS (RESTRINGIDO),16.0
2026-08-03,BEBIDAS EN POLVO,0.0
2026-08-03,BEBIDAS ENERGÉTICAS,0.0
2026-08-03,BEBIDAS ISOTÓNICAS,0.0
2026-08-03,CAFÉ,10.0
2026-08-03,CARNES Y EMBUTIDOS,18.0
2026-08-03,CEREALES,0.0
2026-08-03,CHOCOLATES,0.0
2026-08-03,CONDIMENTOS Y SALSAS,0.0
2026-08-03,CONSERVAS,0.0
2026-08-03,CUIDADO BUCAL,0.0
2026-08-03,CUIDADO CAPILAR,0.0
2026-08-03,CUIDADO DEL BEBÉ,0.0
2026-08-03,DESECHABLES Y PAPEL,0.0
2026-08-03,DETERGENTES,0.0
2026-08-03,DETERGENTES Y LIMPIEZA,0.0
2026-08-03,DULCES,106.0
2026-08-03,EMBUTIDOS,0.0
2026-08-03,GALLETAS Y BIZCOCHOS,172.0
2026-08-03,GASEOSAS,20.0
2026-08-03,GOLOSINAS,186.0
2026-08-03,HARINAS,0.0
2026-08-03,HELADOS,0.0
2026-08-03,HIGIENE FEMENINA,0.0
2026-08-03,HIGIENE PERSONAL,12.0
2026-08-03,INFUSIONES,0.0
2026-08-03,JUGOS Y BEBIDAS,0.0
2026-08-03,LÁCTEOS,23.0
2026-08-03,MENESTRAS,0.0
2026-08-03,PANIFICADOS,0.0
2026-08-03,PAPEL HIGIÉNICO,0.0
2026-08-03,PASTAS,0.0
2026-08-03,PILAS Y BATERÍAS,0.0
2026-08-03,SNACKS,13.0
2026-08-03,SUAVIZANTES,0.0
2026-08-03,UNTABLES Y DULCES,0.0
2026-08-04,ABARROTES,28.0
2026-08-04,AGUA,0.0
2026-08-04,ALIMENTO PARA PERROS,0.0
2026-08-04,BEBIDAS ALCOHÓLICAS (RESTRINGIDO),0.0
2026-08-04,BEBIDAS EN POLVO,0.0
2026-08-04,BEBIDAS ENERGÉTICAS,0.0
2026-08-04,BEBIDAS ISOTÓNICAS,0.0
2026-08-04,CAFÉ,0.0
2026-08-04,CARNES Y EMBUTIDOS,6.0
2026-08-04,CEREALES,0.0
2026-08-04,CHOCOLATES,0.0
2026-08-04,CONDIMENTOS Y SALSAS,0.0
2026-08-04,CONSERVAS,15.0
2026-08-04,CUIDADO BUCAL,0.0
2026-08-04,CUIDADO CAPILAR,0.0
2026-08-04,CUIDADO DEL BEBÉ,0.0
2026-08-04,DESECHABLES Y PAPEL,0.0
2026-08-04,DETERGENTES,0.0
2026-08-04,DETERGENTES Y LIMPIEZA,0.0
2026-08-04,DULCES,109.0
2026-08-04,EMBUTIDOS,0.0
2026-08-04,GALLETAS Y BIZCOCHOS,66.0
2026-08-04,GASEOSAS,84.0
2026-08-04,GOLOSINAS,68.0
2026-08-04,HARINAS,0.0
2026-08-04,HELADOS,0.0
2026-08-04,HIGIENE FEMENINA,0.0
2026-08-04,HIGIENE PERSONAL,0.0
2026-08-04,INFUSIONES,0.0
2026-08-04,JUGOS Y BEBIDAS,0.0
2026-08-04,LÁCTEOS,0.0
2026-08-04,MENESTRAS,0.0
2026-08-04,PANIFICADOS,0.0
2026-08-04,PAPEL HIGIÉNICO,0.0
2026-08-04,PASTAS,0.0
2026-08-04,PILAS Y BATERÍAS,0.0
2026-08-04,SNACKS,0.0
2026-08-04,SUAVIZANTES,0.0
2026-08-04,UNTABLES Y DULCES,25.0
2026-08-05,ABARROTES,74.0
2026-08-05,AGUA,36.0
2026-08-05,ALIMENTO PARA PERROS,0.0
2026-08-05,BEBIDAS ALCOHÓLICAS (RESTRINGIDO),0.0
2026-08-05,BEBIDAS EN POLVO,0.0
2026-08-05,BEBIDAS ENERGÉTICAS,0.0
2026-08-05,BEBIDAS ISOTÓNICAS,0.0
2026-08-05,CAFÉ,0.0
2026-08-05,CARNES Y EMBUTIDOS,19.0
2026-08-05,CEREALES,0.0
2026-08-05,CHOCOLATES,0.0
2026-08-05,CONDIMENTOS Y SALSAS,1.0
2026-08-05,CONSERVAS,0.0
2026-08-05,CUIDADO BUCAL,4.0
2026-08-05,CUIDADO CAPILAR,0.0
2026-08-05,CUIDADO DEL BEBÉ,0.0
2026-08-05,DESECHABLES Y PAPEL,0.0
2026-08-05,DETERGENTES,0.0
2026-08-05,DETERGENTES Y LIMPIEZA,0.0
2026-08-05,DULCES,85.0
2026-08-05,EMBUTIDOS,0.0
2026-08-05,GALLETAS Y BIZCOCHOS,129.0
2026-08-05,GASEOSAS,32.0
2026-08-05,GOLOSINAS,5.0
2026-08-05,HARINAS,19.0
2026-08-05,HELADOS,0.0
2026-08-05,HIGIENE FEMENINA,0.0
2026-08-05,HIGIENE PERSONAL,0.0
2026-08-05,INFUSIONES,0.0
2026-08-05,JUGOS Y BEBIDAS,0.0
2026-08-05,LÁCTEOS,0.0
2026-08-05,MENESTRAS,0.0
2026-08-05,PANIFICADOS,0.0
2026-08-05,PAPEL HIGIÉNICO,0.0
2026-08-05,PASTAS,0.0
2026-08-05,PILAS Y BATERÍAS,0.0
2026-08-05,SNACKS,65.0
2026-08-05,SUAVIZANTES,52.0
2026-08-05,UNTABLES Y DULCES,0.0
2026-08-06,ABARROTES,61.0
2026-08-06,AGUA,0.0
2026-08-06,ALIMENTO PARA PERROS,0.0
2026-08-06,BEBIDAS ALCOHÓLICAS (RESTRINGIDO),10.0
2026-08-06,BEBIDAS EN POLVO,0.0
2026-08-06,BEBIDAS ENERGÉTICAS,0.0
2026-08-06,BEBIDAS ISOTÓNICAS,0.0
2026-08-06,CAFÉ,0.0
2026-08-06,CARNES Y EMBUTIDOS,0.0
2026-08-06,CEREALES,0.0
2026-08-06,CHOCOLATES,0.0
2026-08-06,CONDIMENTOS Y SALSAS,0.0
2026-08-06,CONSERVAS,0.0
2026-08-06,CUIDADO BUCAL,0.0
2026-08-06,CUIDADO CAPILAR,0.0
2026-08-06,CUIDADO DEL BEBÉ,4.0
2026-08-06,DESECHABLES Y PAPEL,0.0
2026-08-06,DETERGENTES,0.0
2026-08-06,DETERGENTES Y LIMPIEZA,0.0
2026-08-06,DULCES,114.0
2026-08-06,EMBUTIDOS,0.0
2026-08-06,GALLETAS Y BIZCOCHOS,20.0
2026-08-06,GASEOSAS,52.0
2026-08-06,GOLOSINAS,77.0
2026-08-06,HARINAS,0.0
2026-08-06,HELADOS,0.0
2026-08-06,HIGIENE FEMENINA,0.0
2026-08-06,HIGIENE PERSONAL,8.0
2026-08-06,INFUSIONES,0.0
2026-08-06,JUGOS Y BEBIDAS,0.0
2026-08-06,LÁCTEOS,0.0
2026-08-06,MENESTRAS,0.0
2026-08-06,PANIFICADOS,0.0
2026-08-06,PAPEL HIGIÉNICO,0.0
2026-08-06,PASTAS,7.0
2026-08-06,PILAS Y BATERÍAS,0.0
2026-08-06,SNACKS,67.0
2026-08-06,SUAVIZANTES,0.0
2026-08-06,UNTABLES Y DULCES,0.0
2026-08-07,ABARROTES,11.0
2026-08-07,AGUA,0.0
2026-08-07,ALIMENTO PARA PERROS,0.0
2026-08-07,BEBIDAS ALCOHÓLICAS (RESTRINGIDO),0.0
2026-08-07,BEBIDAS EN POLVO,0.0
2026-08-07,BEBIDAS ENERGÉTICAS,0.0
2026-08-07,BEBIDAS ISOTÓNICAS,31.0
2026-08-07,CAFÉ,0.0
2026-08-07,CARNES Y EMBUTIDOS,0.0
2026-08-07,CEREALES,0.0
2026-08-07,CHOCOLATES,48.0
2026-08-07,CONDIMENTOS Y SALSAS,0.0
2026-08-07,CONSERVAS,0.0
2026-08-07,CUIDADO BUCAL,0.0
2026-08-07,CUIDADO CAPILAR,0.0
2026-08-07,CUIDADO DEL BEBÉ,0.0
2026-08-07,DESECHABLES Y PAPEL,0.0
2026-08-07,DETERGENTES,0.0
2026-08-07,DETERGENTES Y LIMPIEZA,17.0
2026-08-07,DULCES,0.0
2026-08-07,EMBUTIDOS,0.0
2026-08-07,GALLETAS Y BIZCOCHOS,0.0
2026-08-07,GASEOSAS,0.0
2026-08-07,GOLOSINAS,75.0
2026-08-07,HARINAS,0.0
2026-08-07,HELADOS,0.0
2026-08-07,HIGIENE FEMENINA,0.0
2026-08-07,HIGIENE PERSONAL,0.0
2026-08-07,INFUSIONES,0.0
2026-08-07,JUGOS Y BEBIDAS,0.0
2026-08-07,LÁCTEOS,19.0
2026-08-07,MENESTRAS,0.0
2026-08-07,PANIFICADOS,0.0
2026-08-07,PAPEL HIGIÉNICO,0.0
2026-08-07,PASTAS,0.0
2026-08-07,PILAS Y BATERÍAS,0.0
2026-08-07,SNACKS,140.0
2026-08-07,SUAVIZANTES,18.0
2026-08-07,UNTABLES Y DULCES,0.0
2026-08-08,ABARROTES,83.0
2026-08-08,AGUA,58.0
2026-08-08,ALIMENTO PARA PERROS,0.0
2026-08-08,BEBIDAS ALCOHÓLICAS (RESTRINGIDO),26.0
2026-08-08,BEBIDAS EN POLVO,0.0
2026-08-08,BEBIDAS ENERGÉTICAS,0.0
2026-08-08,BEBIDAS ISOTÓNICAS,0.0
2026-08-08,CAFÉ,0.0
2026-08-08,CARNES Y EMBUTIDOS,0.0
2026-08-08,CEREALES,0.0
2026-08-08,CHOCOLATES,0.0
2026-08-08,CONDIMENTOS Y SALSAS,10.0
2026-08-08,CONSERVAS,0.0
2026-08-08,CUIDADO BUCAL,0.0
2026-08-08,CUIDADO CAPILAR,27.0
2026-08-08,CUIDADO DEL BEBÉ,0.0
2026-08-08,DESECHABLES Y PAPEL,0.0
2026-08-08,DETERGENTES,0.0
2026-08-08,DETERGENTES Y LIMPIEZA,20.0
2026-08-08,DULCES,43.0
2026-08-08,EMBUTIDOS,0.0
2026-08-08,GALLETAS Y BIZCOCHOS,184.0
2026-08-08,GASEOSAS,60.0
2026-08-08,GOLOSINAS,79.0
2026-08-08,HARINAS,28.0
2026-08-08,HELADOS,2.0
2026-08-08,HIGIENE FEMENINA,0.0
2026-08-08,HIGIENE PERSONAL,0.0
2026-08-08,INFUSIONES,0.0
2026-08-08,JUGOS Y BEBIDAS,0.0
2026-08-08,LÁCTEOS,20.0
2026-08-08,MENESTRAS,0.0
2026-08-08,PANIFICADOS,0.0
2026-08-08,PAPEL HIGIÉNICO,0.0
2026-08-08,PASTAS,0.0
2026-08-08,PILAS Y BATERÍAS,0.0
2026-08-08,SNACKS,0.0
2026-08-08,SUAVIZANTES,0.0
2026-08-08,UNTABLES Y DULCES,0.0
2026-08-09,ABARROTES,13.0
2026-08-09,AGUA,24.0
2026-08-09,ALIMENTO PARA PERROS,0.0
2026-08-09,BEBIDAS ALCOHÓLICAS (RESTRINGIDO),33.0
2026-08-09,BEBIDAS EN POLVO,0.0
2026-08-09,BEBIDAS ENERGÉTICAS,0.0
2026-08-09,BEBIDAS ISOTÓNICAS,0.0
2026-08-09,CAFÉ,0.0
2026-08-09,CARNES Y EMBUTIDOS,0.0
2026-08-09,CEREALES,0.0
2026-08-09,CHOCOLATES,0.0
2026-08-09,CONDIMENTOS Y SALSAS,0.0
2026-08-09,CONSERVAS,0.0
2026-08-09,CUIDADO BUCAL,0.0
2026-08-09,CUIDADO CAPILAR,0.0
2026-08-09,CUIDADO DEL BEBÉ,0.0
2026-08-09,DESECHABLES Y PAPEL,0.0
2026-08-09,DETERGENTES,0.0
2026-08-09,DETERGENTES Y LIMPIEZA,0.0
2026-08-09,DULCES,20.0
2026-08-09,EMBUTIDOS,0.0
2026-08-09,GALLETAS Y BIZCOCHOS,93.0
2026-08-09,GASEOSAS,119.0
2026-08-09,GOLOSINAS,49.0
2026-08-09,HARINAS,3.0
2026-08-09,HELADOS,0.0
2026-08-09,HIGIENE FEMENINA,0.0
2026-08-09,HIGIENE PERSONAL,0.0
2026-08-09,INFUSIONES,0.0
2026-08-09,JUGOS Y BEBIDAS,0.0
2026-08-09,LÁCTEOS,0.0
2026-08-09,MENESTRAS,14.0
2026-08-09,PANIFICADOS,0.0
2026-08-09,PAPEL HIGIÉNICO,0.0
2026-08-09,PASTAS,0.0
2026-08-09,PILAS Y BATERÍAS,0.0
2026-08-09,SNACKS,0.0
2026-08-09,SUAVIZANTES,0.0
2026-08-09,UNTABLES Y DULCES,0.0
2026-08-10,ABARROTES,137.0
2026-08-10,AGUA,0.0
2026-08-10,ALIMENTO PARA PERROS,0.0
2026-08-10,BEBIDAS ALCOHÓLICAS (RESTRINGIDO),1.0
2026-08-10,BEBIDAS EN POLVO,0.0
2026-08-10,BEBIDAS ENERGÉTICAS,0.0
2026-08-10,BEBIDAS ISOTÓNICAS,0.0
2026-08-10,CAFÉ,0.0
2026-08-10,CARNES Y EMBUTIDOS,0.0
2026-08-10,CEREALES,0.0
2026-08-10,CHOCOLATES,0.0
2026-08-10,CONDIMENTOS Y SALSAS,0.0
2026-08-10,CONSERVAS,30.0
2026-08-10,CUIDADO BUCAL,0.0
2026-08-10,CUIDADO CAPILAR,0.0
2026-08-10,CUIDADO DEL BEBÉ,0.0
2026-08-10,DESECHABLES Y PAPEL,0.0
2026-08-10,DETERGENTES,0.0
2026-08-10,DETERGENTES Y LIMPIEZA,0.0
2026-08-10,DULCES,58.0
2026-08-10,EMBUTIDOS,0.0
2026-08-10,GALLETAS Y BIZCOCHOS,6.0
2026-08-10,GASEOSAS,78.0
2026-08-10,GOLOSINAS,55.0
2026-08-10,HARINAS,0.0
2026-08-10,HELADOS,0.0
2026-08-10,HIGIENE FEMENINA,0.0
2026-08-10,HIGIENE PERSONAL,27.0
2026-08-10,INFUSIONES,0.0
2026-08-10,JUGOS Y BEBIDAS,0.0
2026-08-10,LÁCTEOS,23.0
2026-08-10,MENESTRAS,0.0
2026-08-10,PANIFICADOS,16.0
2026-08-10,PAPEL HIGIÉNICO,0.0
2026-08-10,PASTAS,0.0
2026-08-10,PILAS Y BATERÍAS,0.0
2026-08-10,SNACKS,0.0
2026-08-10,SUAVIZANTES,0.0
2026-08-10,UNTABLES Y DULCES,0.0
2026-08-11,ABARROTES,0.0
2026-08-11,AGUA,40.0
2026-08-11,ALIMENTO PARA PERROS,0.0
2026-08-11,BEBIDAS ALCOHÓLICAS (RESTRINGIDO),0.0
2026-08-11,BEBIDAS EN POLVO,0.0
2026-08-11,BEBIDAS ENERGÉTICAS,0.0
2026-08-11,BEBIDAS ISOTÓNICAS,0.0
2026-08-11,CAFÉ,0.0
2026-08-11,CARNES Y EMBUTIDOS,0.0
2026-08-11,CEREALES,0.0
2026-08-11,CHOCOLATES,0.0
2026-08-11,CONDIMENTOS Y SALSAS,25.0
2026-08-11,CONSERVAS,0.0
2026-08-11,CUIDADO BUCAL,0.0
2026-08-11,CUIDADO CAPILAR,0.0
2026-08-11,CUIDADO DEL BEBÉ,0.0
2026-08-11,DESECHABLES Y PAPEL,0.0
2026-08-11,DETERGENTES,0.0
2026-08-11,DETERGENTES Y LIMPIEZA,14.0
2026-08-11,DULCES,52.0
2026-08-11,EMBUTIDOS,0.0
2026-08-11,GALLETAS Y BIZCOCHOS,31.0
2026-08-11,GASEOSAS,0.0
2026-08-11,GOLOSINAS,62.0
2026-08-11,HARINAS,0.0
2026-08-11,HELADOS,0.0
2026-08-11,HIGIENE FEMENINA,0.0
2026-08-11,HIGIENE PERSONAL,0.0
2026-08-11,INFUSIONES,0.0
2026-08-11,JUGOS Y BEBIDAS,0.0
2026-08-11,LÁCTEOS,15.0
2026-08-11,MENESTRAS,0.0
2026-08-11,PANIFICADOS,0.0
2026-08-11,PAPEL HIGIÉNICO,0.0
2026-08-11,PASTAS,0.0
2026-08-11,PILAS Y BATERÍAS,0.0
2026-08-11,SNACKS,64.0
2026-08-11,SUAVIZANTES,0.0
2026-08-11,UNTABLES Y DULCES,0.0
2026-08-12,ABARROTES,22.0
2026-08-12,AGUA,0.0
2026-08-12,ALIMENTO PARA PERROS,0.0
2026-08-12,BEBIDAS ALCOHÓLICAS (RESTRINGIDO),0.0
2026-08-12,BEBIDAS EN POLVO,0.0
2026-08-12,BEBIDAS ENERGÉTICAS,0.0
2026-08-12,BEBIDAS ISOTÓNICAS,0.0
2026-08-12,CAFÉ,0.0
2026-08-12,CARNES Y EMBUTIDOS,12.0
2026-08-12,CEREALES,0.0
2026-08-12,CHOCOLATES,0.0
2026-08-12,CONDIMENTOS Y SALSAS,0.0
2026-08-12,CONSERVAS,0.0
2026-08-12,CUIDADO BUCAL,0.0
2026-08-12,CUIDADO CAPILAR,0.0
2026-08-12,CUIDADO DEL BEBÉ,0.0
2026-08-12,DESECHABLES Y PAPEL,0.0
2026-08-12,DETERGENTES,0.0
2026-08-12,DETERGENTES Y LIMPIEZA,0.0
2026-08-12,DULCES,38.0
2026-08-12,EMBUTIDOS,0.0
2026-08-12,GALLETAS Y BIZCOCHOS,0.0
2026-08-12,GASEOSAS,0.0
2026-08-12,GOLOSINAS,126.0
2026-08-12,HARINAS,0.0
2026-08-12,HELADOS,0.0
2026-08-12,HIGIENE FEMENINA,0.0
2026-08-12,HIGIENE PERSONAL,10.0
2026-08-12,INFUSIONES,0.0
2026-08-12,JUGOS Y BEBIDAS,0.0
2026-08-12,LÁCTEOS,51.0
2026-08-12,MENESTRAS,0.0
2026-08-12,PANIFICADOS,0.0
2026-08-12,PAPEL HIGIÉNICO,0.0
2026-08-12,PASTAS,0.0
2026-08-12,PILAS Y BATERÍAS,0.0
2026-08-12,SNACKS,0.0
2026-08-12,SUAVIZANTES,0.0
2026-08-12,UNTABLES Y DULCES,0.0
2026-08-13,ABARROTES,39.0
2026-08-13,AGUA,0.0
2026-08-13,ALIMENTO PARA PERROS,0.0
2026-08-13,BEBIDAS ALCOHÓLICAS (RESTRINGIDO),0.0
2026-08-13,BEBIDAS EN POLVO,0.0
2026-08-13,BEBIDAS ENERGÉTICAS,0.0
2026-08-13,BEBIDAS ISOTÓNICAS,0.0
2026-08-13,CAFÉ,0.0
2026-08-13,CARNES Y EMBUTIDOS,0.0
2026-08-13,CEREALES,0.0
2026-08-13,CHOCOLATES,0.0
2026-08-13,CONDIMENTOS Y SALSAS,0.0
2026-08-13,CONSERVAS,0.0
2026-08-13,CUIDADO BUCAL,0.0
2026-08-13,CUIDADO CAPILAR,0.0
2026-08-13,CUIDADO DEL BEBÉ,0.0
2026-08-13,DESECHABLES Y PAPEL,0.0
2026-08-13,DETERGENTES,0.0
2026-08-13,DETERGENTES Y LIMPIEZA,12.0
2026-08-13,DULCES,27.0
2026-08-13,EMBUTIDOS,0.0
2026-08-13,GALLETAS Y BIZCOCHOS,55.0
2026-08-13,GASEOSAS,0.0
2026-08-13,GOLOSINAS,117.0
2026-08-13,HARINAS,0.0
2026-08-13,HELADOS,0.0
2026-08-13,HIGIENE FEMENINA,0.0
2026-08-13,HIGIENE PERSONAL,0.0
2026-08-13,INFUSIONES,0.0
2026-08-13,JUGOS Y BEBIDAS,0.0
2026-08-13,LÁCTEOS,0.0
2026-08-13,MENESTRAS,0.0
2026-08-13,PANIFICADOS,0.0
2026-08-13,PAPEL HIGIÉNICO,0.0
2026-08-13,PASTAS,0.0
2026-08-13,PILAS Y BATERÍAS,0.0
2026-08-13,SNACKS,61.0
2026-08-13,SUAVIZANTES,13.0
2026-08-13,UNTABLES Y DULCES,0.0
2026-08-14,ABARROTES,76.0
2026-08-14,AGUA,66.0
2026-08-14,ALIMENTO PARA PERROS,0.0
2026-08-14,BEBIDAS ALCOHÓLICAS (RESTRINGIDO),0.0
2026-08-14,BEBIDAS EN POLVO,0.0
2026-08-14,BEBIDAS ENERGÉTICAS,0.0
2026-08-14,BEBIDAS ISOTÓNICAS,27.0
2026-08-14,CAFÉ,3.0
2026-08-14,CARNES Y EMBUTIDOS,0.0
2026-08-14,CEREALES,0.0
2026-08-14,CHOCOLATES,0.0
2026-08-14,CONDIMENTOS Y SALSAS,0.0
2026-08-14,CONSERVAS,0.0
2026-08-14,CUIDADO BUCAL,0.0
2026-08-14,CUIDADO CAPILAR,0.0
2026-08-14,CUIDADO DEL BEBÉ,0.0
2026-08-14,DESECHABLES Y PAPEL,0.0
2026-08-14,DETERGENTES,0.0
2026-08-14,DETERGENTES Y LIMPIEZA,18.0
2026-08-14,DULCES,87.0
2026-08-14,EMBUTIDOS,0.0
2026-08-14,GALLETAS Y BIZCOCHOS,114.0
2026-08-14,GASEOSAS,0.0
2026-08-14,GOLOSINAS,173.0
2026-08-14,HARINAS,0.0
2026-08-14,HELADOS,0.0
2026-08-14,HIGIENE FEMENINA,0.0
2026-08-14,HIGIENE PERSONAL,0.0
2026-08-14,INFUSIONES,0.0
2026-08-14,JUGOS Y BEBIDAS,0.0
2026-08-14,LÁCTEOS,0.0
2026-08-14,MENESTRAS,0.0
2026-08-14,PANIFICADOS,0.0
2026-08-14,PAPEL HIGIÉNICO,0.0
2026-08-14,PASTAS,0.0
2026-08-14,PILAS Y BATERÍAS,0.0
2026-08-14,SNACKS,0.0
2026-08-14,SUAVIZANTES,0.0
2026-08-14,UNTABLES Y DULCES,0.0
2026-08-15,ABARROTES,144.0
2026-08-15,AGUA,0.0
2026-08-15,ALIMENTO PARA PERROS,0.0
2026-08-15,BEBIDAS ALCOHÓLICAS (RESTRINGIDO),0.0
2026-08-15,BEBIDAS EN POLVO,0.0
2026-08-15,BEBIDAS ENERGÉTICAS,0.0
2026-08-15,BEBIDAS ISOTÓNICAS,0.0
2026-08-15,CAFÉ,0.0
2026-08-15,CARNES Y EMBUTIDOS,20.0
2026-08-15,CEREALES,0.0
2026-08-15,CHOCOLATES,45.0
2026-08-15,CONDIMENTOS Y SALSAS,0.0
2026-08-15,CONSERVAS,0.0
2026-08-15,CUIDADO BUCAL,0.0
2026-08-15,CUIDADO CAPILAR,16.0
2026-08-15,CUIDADO DEL BEBÉ,0.0
2026-08-15,DESECHABLES Y PAPEL,0.0
2026-08-15,DETERGENTES,0.0
2026-08-15,DETERGENTES Y LIMPIEZA,2.0
2026-08-15,DULCES,32.0
2026-08-15,EMBUTIDOS,0.0
2026-08-15,GALLETAS Y BIZCOCHOS,0.0
2026-08-15,GASEOSAS,0.0
2026-08-15,GOLOSINAS,164.0
2026-08-15,HARINAS,0.0
2026-08-15,HELADOS,0.0
2026-08-15,HIGIENE FEMENINA,0.0
2026-08-15,HIGIENE PERSONAL,0.0
2026-08-15,INFUSIONES,0.0
2026-08-15,JUGOS Y BEBIDAS,0.0
2026-08-15,LÁCTEOS,0.0
2026-08-15,MENESTRAS,0.0
2026-08-15,PANIFICADOS,0.0
2026-08-15,PAPEL HIGIÉNICO,0.0
2026-08-15,PASTAS,0.0
2026-08-15,PILAS Y BATERÍAS,0.0
2026-08-15,SNACKS,0.0
2026-08-15,SUAVIZANTES,0.0
2026-08-15,UNTABLES Y DULCES,0.0
2026-08-16,ABARROTES,47.0
2026-08-16,AGUA,82.0
2026-08-16,ALIMENTO PARA PERROS,0.0
2026-08-16,BEBIDAS ALCOHÓLICAS (RESTRINGIDO),12.0
2026-08-16,BEBIDAS EN POLVO,0.0
2026-08-16,BEBIDAS ENERGÉTICAS,0.0
2026-08-16,BEBIDAS ISOTÓNICAS,0.0
2026-08-16,CAFÉ,17.0
2026-08-16,CARNES Y EMBUTIDOS,0.0
2026-08-16,CEREALES,0.0
2026-08-16,CHOCOLATES,0.0
2026-08-16,CONDIMENTOS Y SALSAS,0.0
2026-08-16,CONSERVAS,0.0
2026-08-16,CUIDADO BUCAL,13.0
2026-08-16,CUIDADO CAPILAR,37.0
2026-08-16,CUIDADO DEL BEBÉ,0.0
2026-08-16,DESECHABLES Y PAPEL,0.0
2026-08-16,DETERGENTES,0.0
2026-08-16,DETERGENTES Y LIMPIEZA,0.0
2026-08-16,DULCES,37.0
2026-08-16,EMBUTIDOS,0.0
2026-08-16,GALLETAS Y BIZCOCHOS,210.0
2026-08-16,GASEOSAS,89.0
2026-08-16,GOLOSINAS,243.0
2026-08-16,HARINAS,0.0
2026-08-16,HELADOS,1.0
2026-08-16,HIGIENE FEMENINA,0.0
2026-08-16,HIGIENE PERSONAL,0.0
2026-08-16,INFUSIONES,0.0
2026-08-16,JUGOS Y BEBIDAS,0.0
2026-08-16,LÁCTEOS,30.0
2026-08-16,MENESTRAS,0.0
2026-08-16,PANIFICADOS,0.0
2026-08-16,PAPEL HIGIÉNICO,0.0
2026-08-16,PASTAS,0.0
2026-08-16,PILAS Y BATERÍAS,0.0
2026-08-16,SNACKS,77.0
2026-08-16,SUAVIZANTES,0.0
2026-08-16,UNTABLES Y DULCES,0.0
2026-08-17,ABARROTES,86.0
2026-08-17,AGUA,19.0
2026-08-17,ALIMENTO PARA PERROS,19.0
2026-08-17,BEBIDAS ALCOHÓLICAS (RESTRINGIDO),0.0
2026-08-17,BEBIDAS EN POLVO,0.0
2026-08-17,BEBIDAS ENERGÉTICAS,0.0
2026-08-17,BEBIDAS ISOTÓNICAS,0.0
2026-08-17,CAFÉ,18.0
2026-08-17,CARNES Y EMBUTIDOS,29.0
2026-08-17,CEREALES,0.0
2026-08-17,CHOCOLATES,46.0
2026-08-17,CONDIMENTOS Y SALSAS,0.0
2026-08-17,CONSERVAS,0.0
2026-08-17,CUIDADO BUCAL,0.0
2026-08-17,CUIDADO CAPILAR,0.0
2026-08-17,CUIDADO DEL BEBÉ,0.0
2026-08-17,DESECHABLES Y PAPEL,0.0
2026-08-17,DETERGENTES,0.0
2026-08-17,DETERGENTES Y LIMPIEZA,0.0
2026-08-17,DULCES,94.0
2026-08-17,EMBUTIDOS,0.0
2026-08-17,GALLETAS Y BIZCOCHOS,123.0
2026-08-17,GASEOSAS,0.0
2026-08-17,GOLOSINAS,97.0
2026-08-17,HARINAS,0.0
2026-08-17,HELADOS,0.0
2026-08-17,HIGIENE FEMENINA,0.0
2026-08-17,HIGIENE PERSONAL,0.0
2026-08-17,INFUSIONES,21.0
2026-08-17,JUGOS Y BEBIDAS,0.0
2026-08-17,LÁCTEOS,0.0
2026-08-17,MENESTRAS,0.0
2026-08-17,PANIFICADOS,0.0
2026-08-17,PAPEL HIGIÉNICO,0.0
2026-08-17,PASTAS,0.0
2026-08-17,PILAS Y BATERÍAS,0.0
2026-08-17,SNACKS,0.0
2026-08-17,SUAVIZANTES,26.0
2026-08-17,UNTABLES Y DULCES,0.0
2026-08-18,ABARROTES,68.0
2026-08-18,AGUA,37.0
2026-08-18,ALIMENTO PARA PERROS,0.0
2026-08-18,BEBIDAS ALCOHÓLICAS (RESTRINGIDO),0.0
2026-08-18,BEBIDAS EN POLVO,0.0
2026-08-18,BEBIDAS ENERGÉTICAS,0.0
2026-08-18,BEBIDAS ISOTÓNICAS,0.0
2026-08-18,CAFÉ,0.0
2026-08-18,CARNES Y EMBUTIDOS,0.0
2026-08-18,CEREALES,0.0
2026-08-18,CHOCOLATES,0.0
2026-08-18,CONDIMENTOS Y SALSAS,0.0
2026-08-18,CONSERVAS,0.0
2026-08-18,CUIDADO BUCAL,0.0
2026-08-18,CUIDADO CAPILAR,0.0
2026-08-18,CUIDADO DEL BEBÉ,0.0
2026-08-18,DESECHABLES Y PAPEL,0.0
2026-08-18,DETERGENTES,0.0
2026-08-18,DETERGENTES Y LIMPIEZA,15.0
2026-08-18,DULCES,33.0
2026-08-18,EMBUTIDOS,0.0
2026-08-18,GALLETAS Y BIZCOCHOS,48.0
2026-08-18,GASEOSAS,0.0
2026-08-18,GOLOSINAS,217.0
2026-08-18,HARINAS,0.0
2026-08-18,HELADOS,0.0
2026-08-18,HIGIENE FEMENINA,0.0
2026-08-18,HIGIENE PERSONAL,0.0
2026-08-18,INFUSIONES,0.0
2026-08-18,JUGOS Y BEBIDAS,0.0
2026-08-18,LÁCTEOS,8.0
2026-08-18,MENESTRAS,0.0
2026-08-18,PANIFICADOS,0.0
2026-08-18,PAPEL HIGIÉNICO,0.0
2026-08-18,PASTAS,0.0
2026-08-18,PILAS Y BATERÍAS,0.0
2026-08-18,SNACKS,0.0
2026-08-18,SUAVIZANTES,26.0
2026-08-18,UNTABLES Y DULCES,0.0
2026-08-19,ABARROTES,63.0
2026-08-19,AGUA,0.0
2026-08-19,ALIMENTO PARA PERROS,0.0
2026-08-19,BEBIDAS ALCOHÓLICAS (RESTRINGIDO),0.0
2026-08-19,BEBIDAS EN POLVO,0.0
2026-08-19,BEBIDAS ENERGÉTICAS,0.0
2026-08-19,BEBIDAS ISOTÓNICAS,0.0
2026-08-19,CAFÉ,0.0
2026-08-19,CARNES Y EMBUTIDOS,0.0
2026-08-19,CEREALES,0.0
2026-08-19,CHOCOLATES,28.0
2026-08-19,CONDIMENTOS Y SALSAS,0.0
2026-08-19,CONSERVAS,0.0
2026-08-19,CUIDADO BUCAL,0.0
2026-08-19,CUIDADO CAPILAR,19.0
2026-08-19,CUIDADO DEL BEBÉ,0.0
2026-08-19,DESECHABLES Y PAPEL,0.0
2026-08-19,DETERGENTES,0.0
2026-08-19,DETERGENTES Y LIMPIEZA,9.0
2026-08-19,DULCES,77.0
2026-08-19,EMBUTIDOS,0.0
2026-08-19,GALLETAS Y BIZCOCHOS,102.0
2026-08-19,GASEOSAS,38.0
2026-08-19,GOLOSINAS,97.0
2026-08-19,HARINAS,0.0
2026-08-19,HELADOS,0.0
2026-08-19,HIGIENE FEMENINA,0.0
2026-08-19,HIGIENE PERSONAL,0.0
2026-08-19,INFUSIONES,0.0
2026-08-19,JUGOS Y BEBIDAS,0.0
2026-08-19,LÁCTEOS,9.0
2026-08-19,MENESTRAS,0.0
2026-08-19,PANIFICADOS,0.0
2026-08-19,PAPEL HIGIÉNICO,0.0
2026-08-19,PASTAS,0.0
2026-08-19,PILAS Y BATERÍAS,0.0
2026-08-19,SNACKS,43.0
2026-08-19,SUAVIZANTES,0.0
2026-08-19,UNTABLES Y DULCES,0.0
2026-08-20,ABARROTES,21.0
2026-08-20,AGUA,0.0
2026-08-20,ALIMENTO PARA PERROS,0.0
2026-08-20,BEBIDAS ALCOHÓLICAS (RESTRINGIDO),0.0
2026-08-20,BEBIDAS EN POLVO,0.0
2026-08-20,BEBIDAS ENERGÉTICAS,0.0
2026-08-20,BEBIDAS ISOTÓNICAS,0.0
2026-08-20,CAFÉ,0.0
2026-08-20,CARNES Y EMBUTIDOS,7.0
2026-08-20,CEREALES,0.0
2026-08-20,CHOCOLATES,21.0
2026-08-20,CONDIMENTOS Y SALSAS,0.0
2026-08-20,CONSERVAS,0.0
2026-08-20,CUIDADO BUCAL,0.0
2026-08-20,CUIDADO CAPILAR,47.0
2026-08-20,CUIDADO DEL BEBÉ,0.0
2026-08-20,DESECHABLES Y PAPEL,0.0
2026-08-20,DETERGENTES,0.0
2026-08-20,DETERGENTES Y LIMPIEZA,14.0
2026-08-20,DULCES,99.0
2026-08-20,EMBUTIDOS,0.0
2026-08-20,GALLETAS Y BIZCOCHOS,0.0
2026-08-20,GASEOSAS,132.0
2026-08-20,GOLOSINAS,65.0
2026-08-20,HARINAS,0.0
2026-08-20,HELADOS,0.0
2026-08-20,HIGIENE FEMENINA,30.0
2026-08-20,HIGIENE PERSONAL,0.0
2026-08-20,INFUSIONES,0.0
2026-08-20,JUGOS Y BEBIDAS,0.0
2026-08-20,LÁCTEOS,0.0
2026-08-20,MENESTRAS,0.0
2026-08-20,PANIFICADOS,0.0
2026-08-20,PAPEL HIGIÉNICO,0.0
2026-08-20,PASTAS,0.0
2026-08-20,PILAS Y BATERÍAS,0.0
2026-08-20,SNACKS,10.0
2026-08-20,SUAVIZANTES,0.0
2026-08-20,UNTABLES Y DULCES,6.0
2026-08-21,ABARROTES,22.0
2026-08-21,AGUA,0.0
2026-08-21,ALIMENTO PARA PERROS,0.0
2026-08-21,BEBIDAS ALCOHÓLICAS (RESTRINGIDO),0.0
2026-08-21,BEBIDAS EN POLVO,0.0
2026-08-21,BEBIDAS ENERGÉTICAS,0.0
2026-08-21,BEBIDAS ISOTÓNICAS,0.0
2026-08-21,CAFÉ,0.0
2026-08-21,CARNES Y EMBUTIDOS,0.0
2026-08-21,CEREALES,0.0
2026-08-21,CHOCOLATES,0.0
2026-08-21,CONDIMENTOS Y SALSAS,0.0
2026-08-21,CONSERVAS,0.0
2026-08-21,CUIDADO BUCAL,0.0
2026-08-21,CUIDADO CAPILAR,0.0
2026-08-21,CUIDADO DEL BEBÉ,0.0
2026-08-21,DESECHABLES Y PAPEL,0.0
2026-08-21,DETERGENTES,0.0
2026-08-21,DETERGENTES Y LIMPIEZA,0.0
2026-08-21,DULCES,0.0
2026-08-21,EMBUTIDOS,0.0
2026-08-21,GALLETAS Y BIZCOCHOS,56.0
2026-08-21,GASEOSAS,0.0
2026-08-21,GOLOSINAS,119.0
2026-08-21,HARINAS,0.0
2026-08-21,HELADOS,0.0
2026-08-21,HIGIENE FEMENINA,1.0
2026-08-21,HIGIENE PERSONAL,0.0
2026-08-21,INFUSIONES,0.0
2026-08-21,JUGOS Y BEBIDAS,0.0
2026-08-21,LÁCTEOS,6.0
2026-08-21,MENESTRAS,0.0
2026-08-21,PANIFICADOS,0.0
2026-08-21,PAPEL HIGIÉNICO,0.0
2026-08-21,PASTAS,0.0
2026-08-21,PILAS Y BATERÍAS,0.0
2026-08-21,SNACKS,11.0
2026-08-21,SUAVIZANTES,41.0
2026-08-21,UNTABLES Y DULCES,0.0
2026-08-22,ABARROTES,35.0
2026-08-22,AGUA,242.0
2026-08-22,ALIMENTO PARA PERROS,0.0
2026-08-22,BEBIDAS ALCOHÓLICAS (RESTRINGIDO),15.0
2026-08-22,BEBIDAS EN POLVO,0.0
2026-08-22,BEBIDAS ENERGÉTICAS,0.0
2026-08-22,BEBIDAS ISOTÓNICAS,0.0
2026-08-22,CAFÉ,0.0
2026-08-22,CARNES Y EMBUTIDOS,0.0
2026-08-22,CEREALES,0.0
2026-08-22,CHOCOLATES,35.0
2026-08-22,CONDIMENTOS Y SALSAS,0.0
2026-08-22,CONSERVAS,0.0
2026-08-22,CUIDADO BUCAL,0.0
2026-08-22,CUIDADO CAPILAR,0.0
2026-08-22,CUIDADO DEL BEBÉ,0.0
2026-08-22,DESECHABLES Y PAPEL,0.0
2026-08-22,DETERGENTES,0.0
2026-08-22,DETERGENTES Y LIMPIEZA,0.0
2026-08-22,DULCES,187.0
2026-08-22,EMBUTIDOS,0.0
2026-08-22,GALLETAS Y BIZCOCHOS,200.0
2026-08-22,GASEOSAS,72.0
2026-08-22,GOLOSINAS,160.0
2026-08-22,HARINAS,12.0
2026-08-22,HELADOS,0.0
2026-08-22,HIGIENE FEMENINA,0.0
2026-08-22,HIGIENE PERSONAL,0.0
2026-08-22,INFUSIONES,0.0
2026-08-22,JUGOS Y BEBIDAS,0.0
2026-08-22,LÁCTEOS,0.0
2026-08-22,MENESTRAS,0.0
2026-08-22,PANIFICADOS,0.0
2026-08-22,PAPEL HIGIÉNICO,0.0
2026-08-22,PASTAS,0.0
2026-08-22,PILAS Y BATERÍAS,0.0
2026-08-22,SNACKS,0.0
2026-08-22,SUAVIZANTES,0.0
2026-08-22,UNTABLES Y DULCES,0.0
2026-08-23,ABARROTES,132.0
2026-08-23,AGUA,0.0
2026-08-23,ALIMENTO PARA PERROS,0.0
2026-08-23,BEBIDAS ALCOHÓLICAS (RESTRINGIDO),0.0
2026-08-23,BEBIDAS EN POLVO,0.0
2026-08-23,BEBIDAS ENERGÉTICAS,0.0
2026-08-23,BEBIDAS ISOTÓNICAS,0.0
2026-08-23,CAFÉ,0.0
2026-08-23,CARNES Y EMBUTIDOS,0.0
2026-08-23,CEREALES,0.0
2026-08-23,CHOCOLATES,0.0
2026-08-23,CONDIMENTOS Y SALSAS,0.0
2026-08-23,CONSERVAS,0.0
2026-08-23,CUIDADO BUCAL,0.0
2026-08-23,CUIDADO CAPILAR,0.0
2026-08-23,CUIDADO DEL BEBÉ,0.0
2026-08-23,DESECHABLES Y PAPEL,0.0
2026-08-23,DETERGENTES,0.0
2026-08-23,DETERGENTES Y LIMPIEZA,18.0
2026-08-23,DULCES,68.0
2026-08-23,EMBUTIDOS,0.0
2026-08-23,GALLETAS Y BIZCOCHOS,84.0
2026-08-23,GASEOSAS,87.0
2026-08-23,GOLOSINAS,169.0
2026-08-23,HARINAS,14.0
2026-08-23,HELADOS,0.0
2026-08-23,HIGIENE FEMENINA,0.0
2026-08-23,HIGIENE PERSONAL,19.0
2026-08-23,INFUSIONES,28.0
2026-08-23,JUGOS Y BEBIDAS,0.0
2026-08-23,LÁCTEOS,4.0
2026-08-23,MENESTRAS,14.0
2026-08-23,PANIFICADOS,0.0
2026-08-23,PAPEL HIGIÉNICO,0.0
2026-08-23,PASTAS,0.0
2026-08-23,PILAS Y BATERÍAS,0.0
2026-08-23,SNACKS,64.0
2026-08-23,SUAVIZANTES,0.0
2026-08-23,UNTABLES Y DULCES,0.0
2026-08-24,ABARROTES,147.0
2026-08-24,AGUA,0.0
2026-08-24,ALIMENTO PARA PERROS,0.0
2026-08-24,BEBIDAS ALCOHÓLICAS (RESTRINGIDO),0.0
2026-08-24,BEBIDAS EN POLVO,0.0
2026-08-24,BEBIDAS ENERGÉTICAS,0.0
2026-08-24,BEBIDAS ISOTÓNICAS,0.0
2026-08-24,CAFÉ,5.0
2026-08-24,CARNES Y EMBUTIDOS,0.0
2026-08-24,CEREALES,0.0
2026-08-24,CHOCOLATES,0.0
2026-08-24,CONDIMENTOS Y SALSAS,0.0
2026-08-24,CONSERVAS,0.0
2026-08-24,CUIDADO BUCAL,18.0
2026-08-24,CUIDADO CAPILAR,0.0
2026-08-24,CUIDADO DEL BEBÉ,0.0
2026-08-24,DESECHABLES Y PAPEL,0.0
2026-08-24,DETERGENTES,0.0
2026-08-24,DETERGENTES Y LIMPIEZA,9.0
2026-08-24,DULCES,110.0
2026-08-24,EMBUTIDOS,0.0
2026-08-24,GALLETAS Y BIZCOCHOS,62.0
2026-08-24,GASEOSAS,0.0
2026-08-24,GOLOSINAS,41.0
2026-08-24,HARINAS,0.0
2026-08-24,HELADOS,0.0
2026-08-24,HIGIENE FEMENINA,0.0
2026-08-24,HIGIENE PERSONAL,0.0
2026-08-24,INFUSIONES,0.0
2026-08-24,JUGOS Y BEBIDAS,0.0
2026-08-24,LÁCTEOS,4.0
2026-08-24,MENESTRAS,0.0
2026-08-24,PANIFICADOS,0.0
2026-08-24,PAPEL HIGIÉNICO,0.0
2026-08-24,PASTAS,0.0
2026-08-24,PILAS Y BATERÍAS,0.0
2026-08-24,SNACKS,76.0
2026-08-24,SUAVIZANTES,23.0
2026-08-24,UNTABLES Y DULCES,0.0
2026-08-25,ABARROTES,12.0
2026-08-25,AGUA,111.0
2026-08-25,ALIMENTO PARA PERROS,0.0
2026-08-25,BEBIDAS ALCOHÓLICAS (RESTRINGIDO),0.0
2026-08-25,BEBIDAS EN POLVO,0.0
2026-08-25,BEBIDAS ENERGÉTICAS,0.0
2026-08-25,BEBIDAS ISOTÓNICAS,0.0
2026-08-25,CAFÉ,0.0
2026-08-25,CARNES Y EMBUTIDOS,0.0
2026-08-25,CEREALES,0.0
2026-08-25,CHOCOLATES,8.0
2026-08-25,CONDIMENTOS Y SALSAS,0.0
2026-08-25,CONSERVAS,22.0
2026-08-25,CUIDADO BUCAL,0.0
2026-08-25,CUIDADO CAPILAR,0.0
2026-08-25,CUIDADO DEL BEBÉ,0.0
2026-08-25,DESECHABLES Y PAPEL,21.0
2026-08-25,DETERGENTES,0.0
2026-08-25,DETERGENTES Y LIMPIEZA,0.0
2026-08-25,DULCES,0.0
2026-08-25,EMBUTIDOS,0.0
2026-08-25,GALLETAS Y BIZCOCHOS,0.0
2026-08-25,GASEOSAS,0.0
2026-08-25,GOLOSINAS,174.0
2026-08-25,HARINAS,0.0
2026-08-25,HELADOS,0.0
2026-08-25,HIGIENE FEMENINA,0.0
2026-08-25,HIGIENE PERSONAL,0.0
2026-08-25,INFUSIONES,0.0
2026-08-25,JUGOS Y BEBIDAS,0.0
2026-08-25,LÁCTEOS,0.0
2026-08-25,MENESTRAS,0.0
2026-08-25,PANIFICADOS,0.0
2026-08-25,PAPEL HIGIÉNICO,0.0
2026-08-25,PASTAS,0.0
2026-08-25,PILAS Y BATERÍAS,0.0
2026-08-25,SNACKS,58.0
2026-08-25,SUAVIZANTES,0.0
2026-08-25,UNTABLES Y DULCES,0.0
2026-08-26,ABARROTES,34.0
2026-08-26,AGUA,0.0
2026-08-26,ALIMENTO PARA PERROS,0.0
2026-08-26,BEBIDAS ALCOHÓLICAS (RESTRINGIDO),0.0
2026-08-26,BEBIDAS EN POLVO,0.0
2026-08-26,BEBIDAS ENERGÉTICAS,0.0
2026-08-26,BEBIDAS ISOTÓNICAS,0.0
2026-08-26,CAFÉ,0.0
2026-08-26,CARNES Y EMBUTIDOS,25.0
2026-08-26,CEREALES,0.0
2026-08-26,CHOCOLATES,44.0
2026-08-26,CONDIMENTOS Y SALSAS,0.0
2026-08-26,CONSERVAS,16.0
2026-08-26,CUIDADO BUCAL,0.0
2026-08-26,CUIDADO CAPILAR,0.0
2026-08-26,CUIDADO DEL BEBÉ,0.0
2026-08-26,DESECHABLES Y PAPEL,0.0
2026-08-26,DETERGENTES,0.0
2026-08-26,DETERGENTES Y LIMPIEZA,0.0
2026-08-26,DULCES,61.0
2026-08-26,EMBUTIDOS,0.0
2026-08-26,GALLETAS Y BIZCOCHOS,229.0
2026-08-26,GASEOSAS,0.0
2026-08-26,GOLOSINAS,33.0
2026-08-26,HARINAS,0.0
2026-08-26,HELADOS,0.0
2026-08-26,HIGIENE FEMENINA,0.0
2026-08-26,HIGIENE PERSONAL,0.0
2026-08-26,INFUSIONES,0.0
2026-08-26,JUGOS Y BEBIDAS,21.0
2026-08-26,LÁCTEOS,0.0
2026-08-26,MENESTRAS,0.0
2026-08-26,PANIFICADOS,0.0
2026-08-26,PAPEL HIGIÉNICO,0.0
2026-08-26,PASTAS,0.0
2026-08-26,PILAS Y BATERÍAS,0.0
2026-08-26,SNACKS,62.0
2026-08-26,SUAVIZANTES,0.0
2026-08-26,UNTABLES Y DULCES,0.0
2026-08-27,ABARROTES,128.0
2026-08-27,AGUA,0.0
2026-08-27,ALIMENTO PARA PERROS,0.0
2026-08-27,BEBIDAS ALCOHÓLICAS (RESTRINGIDO),0.0
2026-08-27,BEBIDAS EN POLVO,0.0
2026-08-27,BEBIDAS ENERGÉTICAS,0.0
2026-08-27,BEBIDAS ISOTÓNICAS,0.0
2026-08-27,CAFÉ,0.0
2026-08-27,CARNES Y EMBUTIDOS,0.0
2026-08-27,CEREALES,0.0
2026-08-27,CHOCOLATES,0.0
2026-08-27,CONDIMENTOS Y SALSAS,0.0
2026-08-27,CONSERVAS,0.0
2026-08-27,CUIDADO BUCAL,0.0
2026-08-27,CUIDADO CAPILAR,49.0
2026-08-27,CUIDADO DEL BEBÉ,0.0
2026-08-27,DESECHABLES Y PAPEL,0.0
2026-08-27,DETERGENTES,0.0
2026-08-27,DETERGENTES Y LIMPIEZA,0.0
2026-08-27,DULCES,104.0
2026-08-27,EMBUTIDOS,0.0
2026-08-27,GALLETAS Y BIZCOCHOS,75.0
2026-08-27,GASEOSAS,60.0
2026-08-27,GOLOSINAS,240.0
2026-08-27,HARINAS,0.0
2026-08-27,HELADOS,0.0
2026-08-27,HIGIENE FEMENINA,0.0
2026-08-27,HIGIENE PERSONAL,0.0
2026-08-27,INFUSIONES,0.0
2026-08-27,JUGOS Y BEBIDAS,0.0
2026-08-27,LÁCTEOS,0.0
2026-08-27,MENESTRAS,0.0
2026-08-27,PANIFICADOS,0.0
2026-08-27,PAPEL HIGIÉNICO,0.0
2026-08-27,PASTAS,0.0
2026-08-27,PILAS Y BATERÍAS,0.0
2026-08-27,SNACKS,0.0
2026-08-27,SUAVIZANTES,0.0
2026-08-27,UNTABLES Y DULCES,0.0
2026-08-28,ABARROTES,50.0
2026-08-28,AGUA,0.0
2026-08-28,ALIMENTO PARA PERROS,0.0
2026-08-28,BEBIDAS ALCOHÓLICAS (RESTRINGIDO),0.0
2026-08-28,BEBIDAS EN POLVO,0.0
2026-08-28,BEBIDAS ENERGÉTICAS,0.0
2026-08-28,BEBIDAS ISOTÓNICAS,0.0
2026-08-28,CAFÉ,0.0
2026-08-28,CARNES Y EMBUTIDOS,0.0
2026-08-28,CEREALES,0.0
2026-08-28,CHOCOLATES,0.0
2026-08-28,CONDIMENTOS Y SALSAS,15.0
2026-08-28,CONSERVAS,0.0
2026-08-28,CUIDADO BUCAL,0.0
2026-08-28,CUIDADO CAPILAR,0.0
2026-08-28,CUIDADO DEL BEBÉ,0.0
2026-08-28,DESECHABLES Y PAPEL,0.0
2026-08-28,DETERGENTES,0.0
2026-08-28,DETERGENTES Y LIMPIEZA,0.0
2026-08-28,DULCES,218.0
2026-08-28,EMBUTIDOS,0.0
2026-08-28,GALLETAS Y BIZCOCHOS,58.0
2026-08-28,GASEOSAS,87.0
2026-08-28,GOLOSINAS,99.0
2026-08-28,HARINAS,0.0
2026-08-28,HELADOS,0.0
2026-08-28,HIGIENE FEMENINA,0.0
2026-08-28,HIGIENE PERSONAL,0.0
2026-08-28,INFUSIONES,0.0
2026-08-28,JUGOS Y BEBIDAS,0.0
2026-08-28,LÁCTEOS,0.0
2026-08-28,MENESTRAS,20.0
2026-08-28,PANIFICADOS,0.0
2026-08-28,PAPEL HIGIÉNICO,0.0
2026-08-28,PASTAS,0.0
2026-08-28,PILAS Y BATERÍAS,0.0
2026-08-28,SNACKS,31.0
2026-08-28,SUAVIZANTES,0.0
2026-08-28,UNTABLES Y DULCES,0.0
2026-08-29,ABARROTES,108.0
2026-08-29,AGUA,71.0
2026-08-29,ALIMENTO PARA PERROS,0.0
2026-08-29,BEBIDAS ALCOHÓLICAS (RESTRINGIDO),0.0
2026-08-29,BEBIDAS EN POLVO,0.0
2026-08-29,BEBIDAS ENERGÉTICAS,0.0
2026-08-29,BEBIDAS ISOTÓNICAS,0.0
2026-08-29,CAFÉ,15.0
2026-08-29,CARNES Y EMBUTIDOS,12.0
2026-08-29,CEREALES,0.0
2026-08-29,CHOCOLATES,0.0
2026-08-29,CONDIMENTOS Y SALSAS,0.0
2026-08-29,CONSERVAS,15.0
2026-08-29,CUIDADO BUCAL,0.0
2026-08-29,CUIDADO CAPILAR,16.0
2026-08-29,CUIDADO DEL BEBÉ,0.0
2026-08-29,DESECHABLES Y PAPEL,0.0
2026-08-29,DETERGENTES,0.0
2026-08-29,DETERGENTES Y LIMPIEZA,3.0
2026-08-29,DULCES,96.0
2026-08-29,EMBUTIDOS,0.0
2026-08-29,GALLETAS Y BIZCOCHOS,111.0
2026-08-29,GASEOSAS,0.0
2026-08-29,GOLOSINAS,210.0
2026-08-29,HARINAS,0.0
2026-08-29,HELADOS,0.0
2026-08-29,HIGIENE FEMENINA,0.0
2026-08-29,HIGIENE PERSONAL,0.0
2026-08-29,INFUSIONES,0.0
2026-08-29,JUGOS Y BEBIDAS,0.0
2026-08-29,LÁCTEOS,0.0
2026-08-29,MENESTRAS,0.0
2026-08-29,PANIFICADOS,0.0
2026-08-29,PAPEL HIGIÉNICO,0.0
2026-08-29,PASTAS,0.0
2026-08-29,PILAS Y BATERÍAS,0.0
2026-08-29,SNACKS,76.0
2026-08-29,SUAVIZANTES,0.0
2026-08-29,UNTABLES Y DULCES,0.0
2026-08-30,ABARROTES,89.0
2026-08-30,AGUA,0.0
2026-08-30,ALIMENTO PARA PERROS,0.0
2026-08-30,BEBIDAS ALCOHÓLICAS (RESTRINGIDO),0.0
2026-08-30,BEBIDAS EN POLVO,0.0
2026-08-30,BEBIDAS ENERGÉTICAS,0.0
2026-08-30,BEBIDAS ISOTÓNICAS,0.0
2026-08-30,CAFÉ,0.0
2026-08-30,CARNES Y EMBUTIDOS,0.0
2026-08-30,CEREALES,0.0
2026-08-30,CHOCOLATES,0.0
2026-08-30,CONDIMENTOS Y SALSAS,0.0
2026-08-30,CONSERVAS,0.0
2026-08-30,CUIDADO BUCAL,0.0
2026-08-30,CUIDADO CAPILAR,0.0
2026-08-30,CUIDADO DEL BEBÉ,0.0
2026-08-30,DESECHABLES Y PAPEL,0.0
2026-08-30,DETERGENTES,0.0
2026-08-30,DETERGENTES Y LIMPIEZA,0.0
2026-08-30,DULCES,136.0
2026-08-30,EMBUTIDOS,0.0
2026-08-30,GALLETAS Y BIZCOCHOS,38.0
2026-08-30,GASEOSAS,0.0
2026-08-30,GOLOSINAS,172.0
2026-08-30,HARINAS,0.0
2026-08-30,HELADOS,0.0
2026-08-30,HIGIENE FEMENINA,0.0
2026-08-30,HIGIENE PERSONAL,0.0
2026-08-30,INFUSIONES,0.0
2026-08-30,JUGOS Y BEBIDAS,0.0
2026-08-30,LÁCTEOS,20.0
2026-08-30,MENESTRAS,0.0
2026-08-30,PANIFICADOS,0.0
2026-08-30,PAPEL HIGIÉNICO,0.0
2026-08-30,PASTAS,0.0
2026-08-30,PILAS Y BATERÍAS,0.0
2026-08-30,SNACKS,54.0
2026-08-30,SUAVIZANTES,0.0
2026-08-30,UNTABLES Y DULCES,0.0
2026-08-31,ABARROTES,37.0
2026-08-31,AGUA,0.0
2026-08-31,ALIMENTO PARA PERROS,0.0
2026-08-31,BEBIDAS ALCOHÓLICAS (RESTRINGIDO),0.0
2026-08-31,BEBIDAS EN POLVO,0.0
2026-08-31,BEBIDAS ENERGÉTICAS,0.0
2026-08-31,BEBIDAS ISOTÓNICAS,0.0
2026-08-31,CAFÉ,0.0
2026-08-31,CARNES Y EMBUTIDOS,0.0
2026-08-31,CEREALES,0.0
2026-08-31,CHOCOLATES,9.0
2026-08-31,CONDIMENTOS Y SALSAS,24.0
2026-08-31,CONSERVAS,0.0
2026-08-31,CUIDADO BUCAL,0.0
2026-08-31,CUIDADO CAPILAR,25.0
2026-08-31,CUIDADO DEL BEBÉ,0.0
2026-08-31,DESECHABLES Y PAPEL,0.0
2026-08-31,DETERGENTES,0.0
2026-08-31,DETERGENTES Y LIMPIEZA,8.0
2026-08-31,DULCES,85.0
2026-08-31,EMBUTIDOS,0.0
2026-08-31,GALLETAS Y BIZCOCHOS,0.0
2026-08-31,GASEOSAS,47.0
2026-08-31,GOLOSINAS,129.0
2026-08-31,HARINAS,0.0
2026-08-31,HELADOS,0.0
2026-08-31,HIGIENE FEMENINA,0.0
2026-08-31,HIGIENE PERSONAL,0.0
2026-08-31,INFUSIONES,0.0
2026-08-31,JUGOS Y BEBIDAS,0.0
2026-08-31,LÁCTEOS,10.0
2026-08-31,MENESTRAS,0.0
2026-08-31,PANIFICADOS,0.0
2026-08-31,PAPEL HIGIÉNICO,0.0
2026-08-31,PASTAS,0.0
2026-08-31,PILAS Y BATERÍAS,0.0
2026-08-31,SNACKS,55.0
2026-08-31,SUAVIZANTES,0.0
2026-08-31,UNTABLES Y DULCES,0.0
2026-09-01,ABARROTES,86.0
2026-09-01,AGUA,108.0
2026-09-01,ALIMENTO PARA PERROS,0.0
2026-09-01,BEBIDAS ALCOHÓLICAS (RESTRINGIDO),0.0
2026-09-01,BEBIDAS EN POLVO,7.0
2026-09-01,BEBIDAS ENERGÉTICAS,0.0
2026-09-01,BEBIDAS ISOTÓNICAS,9.0
2026-09-01,CAFÉ,0.0
2026-09-01,CARNES Y EMBUTIDOS,0.0
2026-09-01,CEREALES,0.0
2026-09-01,CHOCOLATES,47.0
2026-09-01,CONDIMENTOS Y SALSAS,0.0
2026-09-01,CONSERVAS,0.0
2026-09-01,CUIDADO BUCAL,26.0
2026-09-01,CUIDADO CAPILAR,0.0
2026-09-01,CUIDADO DEL BEBÉ,0.0
2026-09-01,DESECHABLES Y PAPEL,0.0
2026-09-01,DETERGENTES,0.0
2026-09-01,DETERGENTES Y LIMPIEZA,14.0
2026-09-01,DULCES,99.0
2026-09-01,EMBUTIDOS,0.0
2026-09-01,GALLETAS Y BIZCOCHOS,84.0
2026-09-01,GASEOSAS,40.0
2026-09-01,GOLOSINAS,57.0
2026-09-01,HARINAS,0.0
2026-09-01,HELADOS,28.0
2026-09-01,HIGIENE FEMENINA,0.0
2026-09-01,HIGIENE PERSONAL,0.0
2026-09-01,INFUSIONES,0.0
2026-09-01,JUGOS Y BEBIDAS,0.0
2026-09-01,LÁCTEOS,2.0
2026-09-01,MENESTRAS,0.0
2026-09-01,PANIFICADOS,0.0
2026-09-01,PAPEL HIGIÉNICO,0.0
2026-09-01,PASTAS,0.0
2026-09-01,PILAS Y BATERÍAS,0.0
2026-09-01,SNACKS,68.0
2026-09-01,SUAVIZANTES,0.0
2026-09-01,UNTABLES Y DULCES,14.0
2026-09-02,ABARROTES,79.0
2026-09-02,AGUA,0.0
2026-09-02,ALIMENTO PARA PERROS,0.0
2026-09-02,BEBIDAS ALCOHÓLICAS (RESTRINGIDO),21.0
2026-09-02,BEBIDAS EN POLVO,0.0
2026-09-02,BEBIDAS ENERGÉTICAS,0.0
2026-09-02,BEBIDAS ISOTÓNICAS,26.0
2026-09-02,CAFÉ,5.0
2026-09-02,CARNES Y EMBUTIDOS,0.0
2026-09-02,CEREALES,0.0
2026-09-02,CHOCOLATES,0.0
2026-09-02,CONDIMENTOS Y SALSAS,0.0
2026-09-02,CONSERVAS,11.0
2026-09-02,CUIDADO BUCAL,0.0
2026-09-02,CUIDADO CAPILAR,0.0
2026-09-02,CUIDADO DEL BEBÉ,0.0
2026-09-02,DESECHABLES Y PAPEL,0.0
2026-09-02,DETERGENTES,0.0
2026-09-02,DETERGENTES Y LIMPIEZA,0.0
2026-09-02,DULCES,157.0
2026-09-02,EMBUTIDOS,13.0
2026-09-02,GALLETAS Y BIZCOCHOS,84.0
2026-09-02,GASEOSAS,13.0
2026-09-02,GOLOSINAS,156.0
2026-09-02,HARINAS,0.0
2026-09-02,HELADOS,0.0
2026-09-02,HIGIENE FEMENINA,0.0
2026-09-02,HIGIENE PERSONAL,0.0
2026-09-02,INFUSIONES,0.0
2026-09-02,JUGOS Y BEBIDAS,0.0
2026-09-02,LÁCTEOS,17.0
2026-09-02,MENESTRAS,0.0
2026-09-02,PANIFICADOS,0.0
2026-09-02,PAPEL HIGIÉNICO,0.0
2026-09-02,PASTAS,0.0
2026-09-02,PILAS Y BATERÍAS,0.0
2026-09-02,SNACKS,11.0
2026-09-02,SUAVIZANTES,6.0
2026-09-02,UNTABLES Y DULCES,0.0
2026-09-03,ABARROTES,44.0
2026-09-03,AGUA,99.0
2026-09-03,ALIMENTO PARA PERROS,0.0
2026-09-03,BEBIDAS ALCOHÓLICAS (RESTRINGIDO),0.0
2026-09-03,BEBIDAS EN POLVO,0.0
2026-09-03,BEBIDAS ENERGÉTICAS,0.0
2026-09-03,BEBIDAS ISOTÓNICAS,0.0
2026-09-03,CAFÉ,0.0
2026-09-03,CARNES Y EMBUTIDOS,29.0
2026-09-03,CEREALES,0.0
2026-09-03,CHOCOLATES,0.0
2026-09-03,CONDIMENTOS Y SALSAS,0.0
2026-09-03,CONSERVAS,0.0
2026-09-03,CUIDADO BUCAL,0.0
2026-09-03,CUIDADO CAPILAR,52.0
2026-09-03,CUIDADO DEL BEBÉ,0.0
2026-09-03,DESECHABLES Y PAPEL,0.0
2026-09-03,DETERGENTES,0.0
2026-09-03,DETERGENTES Y LIMPIEZA,18.0
2026-09-03,DULCES,91.0
2026-09-03,EMBUTIDOS,0.0
2026-09-03,GALLETAS Y BIZCOCHOS,201.0
2026-09-03,GASEOSAS,0.0
2026-09-03,GOLOSINAS,284.0
2026-09-03,HARINAS,0.0
2026-09-03,HELADOS,0.0
2026-09-03,HIGIENE FEMENINA,0.0
2026-09-03,HIGIENE PERSONAL,0.0
2026-09-03,INFUSIONES,0.0
2026-09-03,JUGOS Y BEBIDAS,0.0
2026-09-03,LÁCTEOS,0.0
2026-09-03,MENESTRAS,0.0
2026-09-03,PANIFICADOS,0.0
2026-09-03,PAPEL HIGIÉNICO,0.0
2026-09-03,PASTAS,0.0
2026-09-03,PILAS Y BATERÍAS,0.0
2026-09-03,SNACKS,0.0
2026-09-03,SUAVIZANTES,0.0
2026-09-03,UNTABLES Y DULCES,7.0
2026-09-04,ABARROTES,46.0
2026-09-04,AGUA,0.0
2026-09-04,ALIMENTO PARA PERROS,0.0
2026-09-04,BEBIDAS ALCOHÓLICAS (RESTRINGIDO),0.0
2026-09-04,BEBIDAS EN POLVO,0.0
2026-09-04,BEBIDAS ENERGÉTICAS,0.0
2026-09-04,BEBIDAS ISOTÓNICAS,25.0
2026-09-04,CAFÉ,0.0
2026-09-04,CARNES Y EMBUTIDOS,0.0
2026-09-04,CEREALES,10.0
2026-09-04,CHOCOLATES,0.0
2026-09-04,CONDIMENTOS Y SALSAS,0.0
2026-09-04,CONSERVAS,0.0
2026-09-04,CUIDADO BUCAL,0.0
2026-09-04,CUIDADO CAPILAR,0.0
2026-09-04,CUIDADO DEL BEBÉ,0.0
2026-09-04,DESECHABLES Y PAPEL,0.0
2026-09-04,DETERGENTES,0.0
2026-09-04,DETERGENTES Y LIMPIEZA,0.0
2026-09-04,DULCES,55.0
2026-09-04,EMBUTIDOS,0.0
2026-09-04,GALLETAS Y BIZCOCHOS,5.0
2026-09-04,GASEOSAS,0.0
2026-09-04,GOLOSINAS,107.0
2026-09-04,HARINAS,0.0
2026-09-04,HELADOS,0.0
2026-09-04,HIGIENE FEMENINA,0.0
2026-09-04,HIGIENE PERSONAL,0.0
2026-09-04,INFUSIONES,0.0
2026-09-04,JUGOS Y BEBIDAS,9.0
2026-09-04,LÁCTEOS,0.0
2026-09-04,MENESTRAS,0.0
2026-09-04,PANIFICADOS,0.0
2026-09-04,PAPEL HIGIÉNICO,0.0
2026-09-04,PASTAS,0.0
2026-09-04,PILAS Y BATERÍAS,0.0
2026-09-04,SNACKS,60.0
2026-09-04,SUAVIZANTES,0.0
2026-09-04,UNTABLES Y DULCES,0.0
2026-09-05,ABARROTES,61.0
2026-09-05,AGUA,0.0
2026-09-05,ALIMENTO PARA PERROS,0.0
2026-09-05,BEBIDAS ALCOHÓLICAS (RESTRINGIDO),0.0
2026-09-05,BEBIDAS EN POLVO,0.0
2026-09-05,BEBIDAS ENERGÉTICAS,0.0
2026-09-05,BEBIDAS ISOTÓNICAS,0.0
2026-09-05,CAFÉ,0.0
2026-09-05,CARNES Y EMBUTIDOS,0.0
2026-09-05,CEREALES,0.0
2026-09-05,CHOCOLATES,0.0
2026-09-05,CONDIMENTOS Y SALSAS,27.0
2026-09-05,CONSERVAS,0.0
2026-09-05,CUIDADO BUCAL,0.0
2026-09-05,CUIDADO CAPILAR,0.0
2026-09-05,CUIDADO DEL BEBÉ,0.0
2026-09-05,DESECHABLES Y PAPEL,0.0
2026-09-05,DETERGENTES,0.0
2026-09-05,DETERGENTES Y LIMPIEZA,0.0
2026-09-05,DULCES,174.0
2026-09-05,EMBUTIDOS,0.0
2026-09-05,GALLETAS Y BIZCOCHOS,94.0
2026-09-05,GASEOSAS,0.0
2026-09-05,GOLOSINAS,454.0
2026-09-05,HARINAS,0.0
2026-09-05,HELADOS,0.0
2026-09-05,HIGIENE FEMENINA,0.0
2026-09-05,HIGIENE PERSONAL,0.0
2026-09-05,INFUSIONES,0.0
2026-09-05,JUGOS Y BEBIDAS,0.0
2026-09-05,LÁCTEOS,14.0
2026-09-05,MENESTRAS,0.0
2026-09-05,PANIFICADOS,0.0
2026-09-05,PAPEL HIGIÉNICO,0.0
2026-09-05,PASTAS,0.0
2026-09-05,PILAS Y BATERÍAS,0.0
2026-09-05,SNACKS,43.0
2026-09-05,SUAVIZANTES,0.0
2026-09-05,UNTABLES Y DULCES,0.0
2026-09-06,ABARROTES,82.0
2026-09-06,AGUA,0.0
2026-09-06,ALIMENTO PARA PERROS,0.0
2026-09-06,BEBIDAS ALCOHÓLICAS (RESTRINGIDO),0.0
2026-09-06,BEBIDAS EN POLVO,0.0
2026-09-06,BEBIDAS ENERGÉTICAS,0.0
2026-09-06,BEBIDAS ISOTÓNICAS,0.0
2026-09-06,CAFÉ,0.0
2026-09-06,CARNES Y EMBUTIDOS,0.0
2026-09-06,CEREALES,0.0
2026-09-06,CHOCOLATES,0.0
2026-09-06,CONDIMENTOS Y SALSAS,0.0
2026-09-06,CONSERVAS,0.0
2026-09-06,CUIDADO BUCAL,0.0
2026-09-06,CUIDADO CAPILAR,0.0
2026-09-06,CUIDADO DEL BEBÉ,0.0
2026-09-06,DESECHABLES Y PAPEL,0.0
2026-09-06,DETERGENTES,0.0
2026-09-06,DETERGENTES Y LIMPIEZA,0.0
2026-09-06,DULCES,71.0
2026-09-06,EMBUTIDOS,0.0
2026-09-06,GALLETAS Y BIZCOCHOS,152.0
2026-09-06,GASEOSAS,0.0
2026-09-06,GOLOSINAS,92.0
2026-09-06,HARINAS,0.0
2026-09-06,HELADOS,0.0
2026-09-06,HIGIENE FEMENINA,0.0
2026-09-06,HIGIENE PERSONAL,0.0
2026-09-06,INFUSIONES,0.0
2026-09-06,JUGOS Y BEBIDAS,0.0
2026-09-06,LÁCTEOS,33.0
2026-09-06,MENESTRAS,0.0
2026-09-06,PANIFICADOS,0.0
2026-09-06,PAPEL HIGIÉNICO,0.0
2026-09-06,PASTAS,0.0
2026-09-06,PILAS Y BATERÍAS,0.0
2026-09-06,SNACKS,0.0
2026-09-06,SUAVIZANTES,0.0
2026-09-06,UNTABLES Y DULCES,0.0
2026-09-07,ABARROTES,0.0
2026-09-07,AGUA,0.0
2026-09-07,ALIMENTO PARA PERROS,0.0
2026-09-07,BEBIDAS ALCOHÓLICAS (RESTRINGIDO),6.0
2026-09-07,BEBIDAS EN POLVO,0.0
2026-09-07,BEBIDAS ENERGÉTICAS,0.0
2026-09-07,BEBIDAS ISOTÓNICAS,0.0
2026-09-07,CAFÉ,0.0
2026-09-07,CARNES Y EMBUTIDOS,0.0
2026-09-07,CEREALES,0.0
2026-09-07,CHOCOLATES,0.0
2026-09-07,CONDIMENTOS Y SALSAS,0.0
2026-09-07,CONSERVAS,0.0
2026-09-07,CUIDADO BUCAL,0.0
2026-09-07,CUIDADO CAPILAR,12.0
2026-09-07,CUIDADO DEL BEBÉ,0.0
2026-09-07,DESECHABLES Y PAPEL,0.0
2026-09-07,DETERGENTES,0.0
2026-09-07,DETERGENTES Y LIMPIEZA,6.0
2026-09-07,DULCES,79.0
2026-09-07,EMBUTIDOS,0.0
2026-09-07,GALLETAS Y BIZCOCHOS,67.0
2026-09-07,GASEOSAS,0.0
2026-09-07,GOLOSINAS,180.0
2026-09-07,HARINAS,0.0
2026-09-07,HELADOS,0.0
2026-09-07,HIGIENE FEMENINA,0.0
2026-09-07,HIGIENE PERSONAL,0.0
2026-09-07,INFUSIONES,0.0
2026-09-07,JUGOS Y BEBIDAS,0.0
2026-09-07,LÁCTEOS,0.0
2026-09-07,MENESTRAS,0.0
2026-09-07,PANIFICADOS,0.0
2026-09-07,PAPEL HIGIÉNICO,0.0
2026-09-07,PASTAS,0.0
2026-09-07,PILAS Y BATERÍAS,0.0
2026-09-07,SNACKS,0.0
2026-09-07,SUAVIZANTES,0.0
2026-09-07,UNTABLES Y DULCES,0.0
2026-09-08,ABARROTES,47.0
2026-09-08,AGUA,0.0
2026-09-08,ALIMENTO PARA PERROS,0.0
2026-09-08,BEBIDAS ALCOHÓLICAS (RESTRINGIDO),43.0
2026-09-08,BEBIDAS EN POLVO,0.0
2026-09-08,BEBIDAS ENERGÉTICAS,0.0
2026-09-08,BEBIDAS ISOTÓNICAS,0.0
2026-09-08,CAFÉ,0.0
2026-09-08,CARNES Y EMBUTIDOS,0.0
2026-09-08,CEREALES,0.0
2026-09-08,CHOCOLATES,0.0
2026-09-08,CONDIMENTOS Y SALSAS,0.0
2026-09-08,CONSERVAS,0.0
2026-09-08,CUIDADO BUCAL,0.0
2026-09-08,CUIDADO CAPILAR,12.0
2026-09-08,CUIDADO DEL BEBÉ,0.0
2026-09-08,DESECHABLES Y PAPEL,0.0
2026-09-08,DETERGENTES,0.0
2026-09-08,DETERGENTES Y LIMPIEZA,0.0
2026-09-08,DULCES,27.0
2026-09-08,EMBUTIDOS,0.0
2026-09-08,GALLETAS Y BIZCOCHOS,110.0
2026-09-08,GASEOSAS,0.0
2026-09-08,GOLOSINAS,247.0
2026-09-08,HARINAS,0.0
2026-09-08,HELADOS,0.0
2026-09-08,HIGIENE FEMENINA,0.0
2026-09-08,HIGIENE PERSONAL,0.0
2026-09-08,INFUSIONES,0.0
2026-09-08,JUGOS Y BEBIDAS,0.0
2026-09-08,LÁCTEOS,0.0
2026-09-08,MENESTRAS,0.0
2026-09-08,PANIFICADOS,0.0
2026-09-08,PAPEL HIGIÉNICO,0.0
2026-09-08,PASTAS,0.0
2026-09-08,PILAS Y BATERÍAS,0.0
2026-09-08,SNACKS,0.0
2026-09-08,SUAVIZANTES,0.0
2026-09-08,UNTABLES Y DULCES,0.0
2026-09-09,ABARROTES,65.0
2026-09-09,AGUA,0.0
2026-09-09,ALIMENTO PARA PERROS,0.0
2026-09-09,BEBIDAS ALCOHÓLICAS (RESTRINGIDO),0.0
2026-09-09,BEBIDAS EN POLVO,0.0
2026-09-09,BEBIDAS ENERGÉTICAS,0.0
2026-09-09,BEBIDAS ISOTÓNICAS,0.0
2026-09-09,CAFÉ,0.0
2026-09-09,CARNES Y EMBUTIDOS,6.0
2026-09-09,CEREALES,0.0
2026-09-09,CHOCOLATES,0.0
2026-09-09,CONDIMENTOS Y SALSAS,0.0
2026-09-09,CONSERVAS,0.0
2026-09-09,CUIDADO BUCAL,0.0
2026-09-09,CUIDADO CAPILAR,0.0
2026-09-09,CUIDADO DEL BEBÉ,0.0
2026-09-09,DESECHABLES Y PAPEL,0.0
2026-09-09,DETERGENTES,0.0
2026-09-09,DETERGENTES Y LIMPIEZA,0.0
2026-09-09,DULCES,0.0
2026-09-09,EMBUTIDOS,0.0
2026-09-09,GALLETAS Y BIZCOCHOS,107.0
2026-09-09,GASEOSAS,76.0
2026-09-09,GOLOSINAS,92.0
2026-09-09,HARINAS,0.0
2026-09-09,HELADOS,0.0
2026-09-09,HIGIENE FEMENINA,0.0
2026-09-09,HIGIENE PERSONAL,0.0
2026-09-09,INFUSIONES,0.0
2026-09-09,JUGOS Y BEBIDAS,0.0
2026-09-09,LÁCTEOS,0.0
2026-09-09,MENESTRAS,0.0
2026-09-09,PANIFICADOS,0.0
2026-09-09,PAPEL HIGIÉNICO,0.0
2026-09-09,PASTAS,0.0
2026-09-09,PILAS Y BATERÍAS,0.0
2026-09-09,SNACKS,0.0
2026-09-09,SUAVIZANTES,27.0
2026-09-09,UNTABLES Y DULCES,0.0
2026-09-10,ABARROTES,33.0
2026-09-10,AGUA,22.0
2026-09-10,ALIMENTO PARA PERROS,0.0
2026-09-10,BEBIDAS ALCOHÓLICAS (RESTRINGIDO),0.0
2026-09-10,BEBIDAS EN POLVO,0.0
2026-09-10,BEBIDAS ENERGÉTICAS,0.0
2026-09-10,BEBIDAS ISOTÓNICAS,0.0
2026-09-10,CAFÉ,0.0
2026-09-10,CARNES Y EMBUTIDOS,0.0
2026-09-10,CEREALES,0.0
2026-09-10,CHOCOLATES,8.0
2026-09-10,CONDIMENTOS Y SALSAS,0.0
2026-09-10,CONSERVAS,30.0
2026-09-10,CUIDADO BUCAL,11.0
2026-09-10,CUIDADO CAPILAR,0.0
2026-09-10,CUIDADO DEL BEBÉ,0.0
2026-09-10,DESECHABLES Y PAPEL,0.0
2026-09-10,DETERGENTES,0.0
2026-09-10,DETERGENTES Y LIMPIEZA,0.0
2026-09-10,DULCES,31.0
2026-09-10,EMBUTIDOS,0.0
2026-09-10,GALLETAS Y BIZCOCHOS,124.0
2026-09-10,GASEOSAS,23.0
2026-09-10,GOLOSINAS,97.0
2026-09-10,HARINAS,0.0
2026-09-10,HELADOS,0.0
2026-09-10,HIGIENE FEMENINA,0.0
2026-09-10,HIGIENE PERSONAL,0.0
2026-09-10,INFUSIONES,0.0
2026-09-10,JUGOS Y BEBIDAS,0.0
2026-09-10,LÁCTEOS,0.0
2026-09-10,MENESTRAS,0.0
2026-09-10,PANIFICADOS,0.0
2026-09-10,PAPEL HIGIÉNICO,0.0
2026-09-10,PASTAS,0.0
2026-09-10,PILAS Y BATERÍAS,0.0
2026-09-10,SNACKS,0.0
2026-09-10,SUAVIZANTES,0.0
2026-09-10,UNTABLES Y DULCES,0.0
2026-09-11,ABARROTES,87.0
2026-09-11,AGUA,0.0
2026-09-11,ALIMENTO PARA PERROS,0.0
2026-09-11,BEBIDAS ALCOHÓLICAS (RESTRINGIDO),0.0
2026-09-11,BEBIDAS EN POLVO,0.0
2026-09-11,BEBIDAS ENERGÉTICAS,0.0
2026-09-11,BEBIDAS ISOTÓNICAS,14.0
2026-09-11,CAFÉ,0.0
2026-09-11,CARNES Y EMBUTIDOS,0.0
2026-09-11,CEREALES,0.0
2026-09-11,CHOCOLATES,0.0
2026-09-11,CONDIMENTOS Y SALSAS,6.0
2026-09-11,CONSERVAS,13.0
2026-09-11,CUIDADO BUCAL,0.0
2026-09-11,CUIDADO CAPILAR,8.0
2026-09-11,CUIDADO DEL BEBÉ,0.0
2026-09-11,DESECHABLES Y PAPEL,0.0
2026-09-11,DETERGENTES,0.0
2026-09-11,DETERGENTES Y LIMPIEZA,4.0
2026-09-11,DULCES,160.0
2026-09-11,EMBUTIDOS,0.0
2026-09-11,GALLETAS Y BIZCOCHOS,128.0
2026-09-11,GASEOSAS,51.0
2026-09-11,GOLOSINAS,95.0
2026-09-11,HARINAS,0.0
2026-09-11,HELADOS,0.0
2026-09-11,HIGIENE FEMENINA,0.0
2026-09-11,HIGIENE PERSONAL,0.0
2026-09-11,INFUSIONES,0.0
2026-09-11,JUGOS Y BEBIDAS,0.0
2026-09-11,LÁCTEOS,0.0
2026-09-11,MENESTRAS,0.0
2026-09-11,PANIFICADOS,0.0
2026-09-11,PAPEL HIGIÉNICO,0.0
2026-09-11,PASTAS,0.0
2026-09-11,PILAS Y BATERÍAS,0.0
2026-09-11,SNACKS,93.0
2026-09-11,SUAVIZANTES,5.0
2026-09-11,UNTABLES Y DULCES,0.0
2026-09-12,ABARROTES,34.0
2026-09-12,AGUA,0.0
2026-09-12,ALIMENTO PARA PERROS,0.0
2026-09-12,BEBIDAS ALCOHÓLICAS (RESTRINGIDO),0.0
2026-09-12,BEBIDAS EN POLVO,0.0
2026-09-12,BEBIDAS ENERGÉTICAS,0.0
2026-09-12,BEBIDAS ISOTÓNICAS,0.0
2026-09-12,CAFÉ,0.0
2026-09-12,CARNES Y EMBUTIDOS,0.0
2026-09-12,CEREALES,0.0
2026-09-12,CHOCOLATES,34.0
2026-09-12,CONDIMENTOS Y SALSAS,0.0
2026-09-12,CONSERVAS,0.0
2026-09-12,CUIDADO BUCAL,0.0
2026-09-12,CUIDADO CAPILAR,0.0
2026-09-12,CUIDADO DEL BEBÉ,0.0
2026-09-12,DESECHABLES Y PAPEL,0.0
2026-09-12,DETERGENTES,0.0
2026-09-12,DETERGENTES Y LIMPIEZA,2.0
2026-09-12,DULCES,81.0
2026-09-12,EMBUTIDOS,0.0
2026-09-12,GALLETAS Y BIZCOCHOS,38.0
2026-09-12,GASEOSAS,0.0
2026-09-12,GOLOSINAS,53.0
2026-09-12,HARINAS,0.0
2026-09-12,HELADOS,0.0
2026-09-12,HIGIENE FEMENINA,0.0
2026-09-12,HIGIENE PERSONAL,0.0
2026-09-12,INFUSIONES,0.0
2026-09-12,JUGOS Y BEBIDAS,0.0
2026-09-12,LÁCTEOS,0.0
2026-09-12,MENESTRAS,0.0
2026-09-12,PANIFICADOS,3.0
2026-09-12,PAPEL HIGIÉNICO,0.0
2026-09-12,PASTAS,0.0
2026-09-12,PILAS Y BATERÍAS,0.0
2026-09-12,SNACKS,0.0
2026-09-12,SUAVIZANTES,17.0
2026-09-12,UNTABLES Y DULCES,0.0
2026-09-13,ABARROTES,70.0
2026-09-13,AGUA,0.0
2026-09-13,ALIMENTO PARA PERROS,0.0
2026-09-13,BEBIDAS ALCOHÓLICAS (RESTRINGIDO),0.0
2026-09-13,BEBIDAS EN POLVO,0.0
2026-09-13,BEBIDAS ENERGÉTICAS,0.0
2026-09-13,BEBIDAS ISOTÓNICAS,28.0
2026-09-13,CAFÉ,0.0
2026-09-13,CARNES Y EMBUTIDOS,0.0
2026-09-13,CEREALES,0.0
2026-09-13,CHOCOLATES,0.0
2026-09-13,CONDIMENTOS Y SALSAS,0.0
2026-09-13,CONSERVAS,0.0
2026-09-13,CUIDADO BUCAL,0.0
2026-09-13,CUIDADO CAPILAR,0.0
2026-09-13,CUIDADO DEL BEBÉ,0.0
2026-09-13,DESECHABLES Y PAPEL,0.0
2026-09-13,DETERGENTES,0.0
2026-09-13,DETERGENTES Y LIMPIEZA,0.0
2026-09-13,DULCES,0.0
2026-09-13,EMBUTIDOS,0.0
2026-09-13,GALLETAS Y BIZCOCHOS,64.0
2026-09-13,GASEOSAS,61.0
2026-09-13,GOLOSINAS,182.0
2026-09-13,HARINAS,0.0
2026-09-13,HELADOS,0.0
2026-09-13,HIGIENE FEMENINA,0.0
2026-09-13,HIGIENE PERSONAL,17.0
2026-09-13,INFUSIONES,0.0
2026-09-13,JUGOS Y BEBIDAS,28.0
2026-09-13,LÁCTEOS,0.0
2026-09-13,MENESTRAS,0.0
2026-09-13,PANIFICADOS,0.0
2026-09-13,PAPEL HIGIÉNICO,0.0
2026-09-13,PASTAS,0.0
2026-09-13,PILAS Y BATERÍAS,0.0
2026-09-13,SNACKS,0.0
2026-09-13,SUAVIZANTES,0.0
2026-09-13,UNTABLES Y DULCES,2.0
